booking_id,entity_id,student_id,lab_name,booking_date,time_slot,purpose,status,created_at
LAB_000001,E100042,S32667,Computer Lab 1,2025-11-30T13:52:57.144Z,11:00-17:00,Ratione depopulo conculco capillus quibusdam tracto aestivus maxime cotidie.,confirmed,2025-10-12T11:32:39.517Z
LAB_000002,E100462,S15850,Biology Lab,2025-12-17T00:08:07.625Z,14:00-11:00,Nobis desolo odio ulterius delinquo subvenio.,cancelled,2025-09-27T21:34:14.907Z
LAB_000003,E100721,S70035,Electronics Lab,2025-11-11T17:54:37.389Z,16:00-12:00,Conspergo valeo animadverto delectatio valens nulla vilis aer vis.,cancelled,2025-09-28T11:14:23.299Z
LAB_000004,E100077,S39169,Computer Lab 1,2025-12-13T00:31:48.050Z,11:00-15:00,Solium magnam aureus derelinquo convoco.,pending,2025-09-22T23:28:20.835Z
LAB_000005,E100274,S88235,Physics Lab,2025-12-15T19:35:43.375Z,15:00-11:00,Uterque numquam subito sortitus surculus sophismata.,pending,2025-09-25T18:56:58.732Z
LAB_000006,E100753,S10967,Biology Lab,2025-12-02T03:03:51.512Z,13:00-16:00,Capto caritas perspiciatis assentator tibi altus pecco ad.,cancelled,2025-10-24T02:34:14.652Z
LAB_000007,E100680,S43200,Mechanical Workshop,2025-12-27T21:07:55.913Z,15:00-15:00,Uter utpote voveo cresco contego.,cancelled,2025-09-24T18:15:04.574Z
LAB_000008,E100673,S18096,Computer Lab 2,2025-12-31T15:32:29.495Z,12:00-13:00,Quisquam delectatio aurum amor terror copiose.,pending,2025-09-29T08:42:50.137Z
LAB_000009,E100738,S82822,Research Lab,2025-11-24T07:55:29.853Z,12:00-17:00,Acerbitas amplitudo abbas celo.,confirmed,2025-09-26T19:37:21.272Z
LAB_000010,E100396,S77314,Mechanical Workshop,2025-11-03T21:45:15.331Z,15:00-16:00,Tollo aperte tergo custodia sum.,cancelled,2025-09-22T04:23:34.337Z
LAB_000011,E100641,S89790,Computer Lab 1,2025-12-27T02:47:21.154Z,10:00-11:00,Sufficio necessitatibus ara doloremque credo curso testimonium assumenda undique aequus.,confirmed,2025-10-23T11:57:14.350Z
LAB_000012,E100214,S48633,Mechanical Workshop,2025-12-18T20:08:14.075Z,11:00-14:00,Adfero calcar absconditus adficio defendo.,pending,2025-10-01T06:31:46.137Z
LAB_000013,E100607,S75047,Electronics Lab,2025-11-29T06:14:14.917Z,13:00-18:00,Vir voluptas astrum excepturi velit demitto valetudo.,confirmed,2025-10-06T04:46:58.464Z
LAB_000014,E100163,S10612,Mechanical Workshop,2025-12-19T03:20:16.879Z,10:00-13:00,Amplus avarus doloribus abutor synagoga cras.,confirmed,2025-10-16T06:46:24.466Z
LAB_000015,E100519,S88854,Electronics Lab,2025-10-29T22:52:32.137Z,16:00-13:00,Absque sodalitas clam deduco vicissitudo benigne bellum.,confirmed,2025-10-17T06:37:28.267Z
LAB_000016,E100349,S97721,Computer Lab 1,2025-10-28T14:29:00.378Z,13:00-16:00,Possimus ocer audentia absum ademptio auctus desipio tabesco.,pending,2025-09-22T04:59:21.779Z
LAB_000017,E100754,S92698,Physics Lab,2025-12-25T14:21:52.142Z,15:00-11:00,Repudiandae clam est tumultus.,pending,2025-09-28T08:50:53.105Z
LAB_000018,E100124,S86411,Mechanical Workshop,2025-11-20T06:41:06.549Z,17:00-18:00,Conatus aeger solio corporis tergeo stips.,cancelled,2025-10-14T10:07:19.086Z
LAB_000019,E100704,S45636,Biology Lab,2025-12-01T13:23:56.676Z,14:00-13:00,Pel basium delego.,pending,2025-09-29T17:09:34.559Z
LAB_000020,E100630,S24162,Electronics Lab,2025-10-30T22:56:45.679Z,11:00-10:00,Teres adicio arceo apostolus.,cancelled,2025-10-01T07:18:01.807Z
LAB_000021,E100554,S71822,Physics Lab,2025-11-04T23:15:14.675Z,10:00-17:00,Capillus consequuntur libero.,pending,2025-09-23T18:00:27.069Z
LAB_000022,E100191,S69572,Chemistry Lab,2025-12-08T10:23:55.632Z,14:00-15:00,Verbum supplanto tego vel tum.,pending,2025-10-08T19:17:04.568Z
LAB_000023,E100197,S43448,Electronics Lab,2025-11-02T16:08:05.575Z,16:00-10:00,Colo thesaurus virgo a totidem vester.,confirmed,2025-10-23T12:26:19.838Z
LAB_000024,E100331,S20064,Mechanical Workshop,2025-12-24T20:25:13.484Z,13:00-17:00,Quas quaerat comptus ut templum.,confirmed,2025-10-09T21:29:51.344Z
LAB_000025,E100726,S36428,Physics Lab,2025-12-22T22:38:10.697Z,12:00-11:00,Textilis bellum sollers adicio demum.,cancelled,2025-09-29T16:39:29.935Z
LAB_000026,E100152,S47602,Chemistry Lab,2025-11-15T19:52:10.119Z,16:00-13:00,Aut ventus utor.,cancelled,2025-10-12T12:57:15.117Z
LAB_000027,E100415,S87974,Biology Lab,2025-11-21T00:43:52.667Z,15:00-12:00,Demulceo summopere eius enim strenuus in umquam ubi adhuc sonitus.,cancelled,2025-09-24T02:12:20.984Z
LAB_000028,E100552,S57212,Computer Lab 1,2025-11-29T02:01:53.040Z,13:00-12:00,Fugit totidem volva.,cancelled,2025-10-01T21:15:31.265Z
LAB_000029,E100044,S15623,Physics Lab,2025-11-16T13:10:35.336Z,13:00-14:00,Quia conscendo abeo venia ademptio.,pending,2025-09-19T21:16:06.966Z
LAB_000030,E100240,S26044,Computer Lab 1,2025-12-26T20:56:11.895Z,11:00-14:00,Collum caelum adiuvo decerno desolo quod adiuvo templum.,cancelled,2025-10-22T23:25:57.584Z
LAB_000031,E100790,S56276,Chemistry Lab,2025-12-25T10:32:53.933Z,13:00-18:00,Stillicidium architecto caritas tolero termes decumbo adfero aperiam.,pending,2025-10-20T12:23:43.358Z
LAB_000032,E100342,S40989,Computer Lab 1,2025-12-01T16:39:35.430Z,12:00-17:00,Paulatim corrumpo thorax.,pending,2025-10-19T10:29:45.812Z
LAB_000033,E100708,S46506,Mechanical Workshop,2025-11-02T04:41:49.022Z,9:00-10:00,Contra aqua adflicto vacuus decumbo turba coepi tempore.,pending,2025-10-22T18:47:46.670Z
LAB_000034,E100639,S25999,Biology Lab,2026-01-05T15:59:21.466Z,13:00-11:00,Non blandior tyrannus vinitor ex.,cancelled,2025-10-22T09:39:54.915Z
LAB_000035,E100296,S40951,Biology Lab,2025-12-14T13:08:50.008Z,10:00-15:00,Crepusculum aestus solium tondeo bibo appositus taedium.,pending,2025-09-20T09:35:14.999Z
LAB_000036,E100141,S86117,Research Lab,2025-11-12T00:28:49.856Z,13:00-15:00,Aut attero stella creator auxilium audio vitae bibo.,confirmed,2025-10-15T13:53:35.649Z
LAB_000037,E100359,S36001,Chemistry Lab,2025-12-13T05:48:15.174Z,17:00-15:00,Aureus pel aegrus desparatus aeneus corroboro ciminatio.,pending,2025-09-26T15:25:06.604Z
LAB_000038,E100697,S49145,Biology Lab,2025-12-22T16:08:15.241Z,12:00-13:00,Labore eius ceno ut sursum appello ambitus accendo spero.,cancelled,2025-10-05T02:16:07.495Z
LAB_000039,E100101,S95801,Research Lab,2025-12-05T19:34:57.730Z,17:00-10:00,Arceo admitto ver color spoliatio turba vitiosus averto.,confirmed,2025-09-23T16:14:17.887Z
LAB_000040,E100075,S34125,Physics Lab,2025-10-29T01:13:13.146Z,16:00-12:00,Adfero ratione demo beneficium una.,cancelled,2025-09-24T22:04:43.724Z
LAB_000041,E100210,S58761,Physics Lab,2025-12-18T21:16:29.083Z,14:00-13:00,Tabesco numquam vinum bibo stultus abscido damno iste capio arca.,confirmed,2025-10-07T21:01:10.733Z
LAB_000042,E100142,S43945,Electronics Lab,2025-11-21T02:42:37.552Z,15:00-16:00,Utrimque absum comparo cum vulariter admitto laudantium auctus.,cancelled,2025-10-05T12:42:07.444Z
LAB_000043,E100416,S50102,Computer Lab 1,2025-11-21T12:52:42.721Z,11:00-10:00,Demulceo adhaero solio dicta adsidue.,pending,2025-09-26T17:29:16.443Z
LAB_000044,E100282,S87565,Biology Lab,2025-12-10T17:23:07.389Z,15:00-11:00,Excepturi undique cultellus.,confirmed,2025-10-23T11:55:03.879Z
LAB_000045,E100529,S23059,Computer Lab 2,2025-12-06T22:51:55.260Z,13:00-13:00,Cribro curia annus demens adstringo bestia perspiciatis stabilis arca corrigo.,pending,2025-10-16T04:08:43.838Z
LAB_000046,E100795,S40031,Electronics Lab,2025-11-19T03:12:11.009Z,15:00-13:00,Celer vespillo atrocitas volo candidus admiratio crudelis.,pending,2025-10-19T08:38:02.344Z
LAB_000047,E100574,S84502,Chemistry Lab,2025-11-01T05:21:54.858Z,11:00-17:00,Avarus earum corrumpo.,cancelled,2025-10-24T08:48:39.822Z
LAB_000048,E100204,S54348,Biology Lab,2025-12-09T21:40:41.988Z,10:00-17:00,Tibi conculco vulgus corroboro velut.,cancelled,2025-10-05T08:05:39.152Z
LAB_000049,E100234,S95904,Research Lab,2025-12-31T01:20:00.552Z,17:00-16:00,Vilitas ars rerum carmen rem crastinus caecus error.,cancelled,2025-10-06T13:28:39.779Z
LAB_000050,E100589,S73352,Research Lab,2025-11-25T20:26:38.650Z,15:00-11:00,Cogito error copia utilis talio harum tui.,cancelled,2025-09-23T01:14:46.350Z
LAB_000051,E100348,S96515,Research Lab,2025-12-15T14:18:11.709Z,16:00-15:00,Thema valetudo thalassinus depono vomito atque ex defero taedium arbitro.,pending,2025-10-24T10:05:10.494Z
LAB_000052,E100083,S44450,Mechanical Workshop,2025-12-13T23:39:02.099Z,15:00-11:00,Asporto agnitio coruscus perferendis abduco venio aduro.,confirmed,2025-10-03T12:05:50.768Z
LAB_000053,E100390,S75835,Chemistry Lab,2026-01-04T18:03:29.009Z,15:00-13:00,Colo charisma at praesentium blandior quibusdam.,pending,2025-09-24T03:20:59.692Z
LAB_000054,E100214,S48633,Physics Lab,2026-01-04T04:59:13.038Z,16:00-15:00,Via succedo tot volo sto aeternus tot amiculum.,pending,2025-10-24T04:59:44.230Z
LAB_000055,E100283,S19189,Computer Lab 2,2025-11-25T06:44:47.095Z,9:00-11:00,Volup claudeo advoco sto admoneo spoliatio vitiosus sufficio apud.,cancelled,2025-10-16T16:05:30.767Z
LAB_000056,E100154,S24795,Mechanical Workshop,2026-01-03T09:54:34.296Z,10:00-16:00,Amo illo cibus acquiro tredecim doloremque tutamen villa quasi subito.,cancelled,2025-09-22T07:11:00.387Z
LAB_000057,E100314,S13496,Research Lab,2025-11-12T00:41:18.610Z,13:00-11:00,Demergo cito depono demitto.,confirmed,2025-09-19T06:14:41.116Z
LAB_000058,E100768,S97958,Physics Lab,2025-11-02T14:43:04.481Z,10:00-11:00,Valde quod ars.,confirmed,2025-10-04T09:34:49.092Z
LAB_000059,E100489,S38328,Physics Lab,2025-11-15T10:19:16.452Z,13:00-17:00,Bellum arcus certus texo defungo.,cancelled,2025-10-23T22:07:25.953Z
LAB_000060,E100096,S47666,Computer Lab 2,2025-12-09T20:56:29.489Z,17:00-16:00,Tonsor vinco adipiscor degusto candidus omnis autus adulescens.,confirmed,2025-10-02T00:53:12.528Z
LAB_000061,E100620,S92031,Research Lab,2025-12-16T01:35:09.213Z,11:00-10:00,Velit censura tonsor cohibeo quos accusamus suscipit sapiente solio vinco.,cancelled,2025-10-24T04:10:51.926Z
LAB_000062,E100211,S76548,Chemistry Lab,2025-10-25T14:24:44.423Z,9:00-11:00,Accusantium sunt uter caelestis vapulus.,cancelled,2025-10-11T10:00:33.947Z
LAB_000063,E100316,S62623,Biology Lab,2025-10-30T01:19:56.056Z,10:00-14:00,Temptatio adnuo temptatio perspiciatis delibero vilitas ago pauper aperte bestia.,confirmed,2025-10-17T22:31:26.681Z
LAB_000064,E100201,S29144,Chemistry Lab,2025-12-28T15:12:34.292Z,17:00-18:00,Conor attonbitus collum versus minima cito.,cancelled,2025-09-21T01:58:38.424Z
LAB_000065,E100456,S57788,Biology Lab,2025-11-22T08:24:02.625Z,13:00-12:00,Tollo sopor vitiosus.,cancelled,2025-09-25T18:57:09.005Z
LAB_000066,E100064,S99352,Chemistry Lab,2025-11-29T20:50:41.086Z,11:00-10:00,Dedecor ulciscor ago.,cancelled,2025-10-09T22:25:43.702Z
LAB_000067,E100338,S33303,Computer Lab 2,2025-12-02T06:04:27.329Z,10:00-12:00,Cetera abutor agnitio dolorum arma cumque apostolus corpus curso.,confirmed,2025-10-06T16:23:45.214Z
LAB_000068,E100587,S23511,Computer Lab 1,2025-12-31T01:33:03.342Z,12:00-14:00,Ab solutio laboriosam auxilium hic adinventitias cunae.,cancelled,2025-09-26T16:23:10.789Z
LAB_000069,E100102,S71062,Mechanical Workshop,2025-12-30T18:19:21.395Z,11:00-14:00,Ipsa cado deludo.,cancelled,2025-10-09T16:14:59.471Z
LAB_000070,E100594,S60566,Physics Lab,2026-01-04T18:25:54.314Z,17:00-18:00,Audeo cohors adinventitias suadeo.,cancelled,2025-09-19T06:55:55.136Z
LAB_000071,E100176,S91406,Mechanical Workshop,2025-11-22T21:58:56.929Z,13:00-18:00,Conservo minima uterque ait aliquam fugiat.,confirmed,2025-10-20T21:33:12.932Z
LAB_000072,E100269,S86745,Biology Lab,2026-01-05T17:19:29.521Z,17:00-13:00,Temptatio vicinus contigo amo stips degero.,pending,2025-10-21T13:25:29.402Z
LAB_000073,E100320,S78642,Research Lab,2025-11-09T03:13:53.036Z,16:00-15:00,Certus ciminatio summopere curto vix.,cancelled,2025-10-05T05:07:44.500Z
LAB_000074,E100435,S14949,Mechanical Workshop,2025-12-01T15:40:57.854Z,10:00-12:00,Porro cras aperio terra.,cancelled,2025-10-15T04:35:47.597Z
LAB_000075,E100702,S76512,Biology Lab,2025-12-25T06:48:46.919Z,14:00-12:00,Chirographum utpote stipes testimonium deludo vestrum.,cancelled,2025-10-05T06:29:15.944Z
LAB_000076,E100475,S69739,Electronics Lab,2025-11-02T11:27:51.685Z,14:00-10:00,Sono varius ipsum cupressus aranea.,confirmed,2025-10-02T11:19:59.783Z
LAB_000077,E100485,S99150,Electronics Lab,2025-11-29T18:25:32.267Z,9:00-16:00,Conitor caritas spiculum utpote curriculum.,confirmed,2025-10-13T09:48:49.785Z
LAB_000078,E100380,S93472,Mechanical Workshop,2025-12-26T17:39:33.879Z,9:00-13:00,Vereor odio demens.,cancelled,2025-10-14T23:38:27.885Z
LAB_000079,E100215,S56524,Physics Lab,2025-12-07T01:28:27.096Z,10:00-13:00,Creber doloribus aut defetiscor curto centum clam consuasor pauci.,cancelled,2025-10-10T09:24:40.171Z
LAB_000080,E100615,S15947,Computer Lab 1,2025-12-20T13:13:50.447Z,11:00-16:00,Terra veritas auditor aeternus civitas adipisci dicta.,pending,2025-09-24T18:51:12.731Z
LAB_000081,E100594,S60566,Biology Lab,2026-01-04T13:50:00.152Z,15:00-13:00,Pecto arcesso thalassinus.,cancelled,2025-10-07T19:54:13.497Z
LAB_000082,E100555,S63799,Chemistry Lab,2025-12-02T19:28:13.757Z,12:00-17:00,Adhuc acceptus admoveo tabernus.,confirmed,2025-09-28T06:28:11.225Z
LAB_000083,E100706,S96142,Mechanical Workshop,2025-12-09T00:13:29.034Z,9:00-13:00,Vinco vulgaris vilicus cariosus mollitia sollers necessitatibus sapiente argentum tamisium.,pending,2025-09-26T18:29:58.055Z
LAB_000084,E100523,S91346,Physics Lab,2025-11-16T02:21:22.361Z,17:00-16:00,Tamen asporto umquam ceno praesentium caelestis canto derelinquo repellendus.,confirmed,2025-10-01T22:17:49.308Z
LAB_000085,E100680,S43200,Research Lab,2025-11-18T19:53:52.242Z,10:00-11:00,Conicio xiphias caries sordeo.,confirmed,2025-09-22T04:11:09.459Z
LAB_000086,E100304,S26082,Research Lab,2025-12-13T01:35:15.115Z,17:00-12:00,Vere absorbeo terebro cubicularis decet.,cancelled,2025-10-16T18:43:09.828Z
LAB_000087,E100211,S76548,Electronics Lab,2025-12-20T12:45:17.199Z,13:00-11:00,Argumentum laboriosam ultio audax vilicus.,cancelled,2025-10-11T04:17:24.317Z
LAB_000088,E100706,S96142,Computer Lab 1,2025-10-28T09:08:39.873Z,9:00-13:00,Studio stillicidium verus spiculum ullam.,confirmed,2025-10-04T10:33:13.095Z
LAB_000089,E100650,S36757,Research Lab,2025-11-02T22:04:49.828Z,9:00-17:00,Esse cauda crux decerno asperiores adhaero curis.,confirmed,2025-10-01T00:04:46.740Z
LAB_000090,E100584,S24891,Biology Lab,2025-12-14T19:36:12.023Z,11:00-15:00,Catena viscus stultus confero cometes minus.,cancelled,2025-10-19T09:49:42.723Z
LAB_000091,E100206,S90837,Mechanical Workshop,2025-11-23T02:52:03.382Z,9:00-18:00,Testimonium coniuratio chirographum vaco adimpleo.,confirmed,2025-09-24T17:22:05.137Z
LAB_000092,E100136,S67244,Computer Lab 2,2025-12-18T03:57:29.987Z,15:00-13:00,Maxime cito aveho impedit.,cancelled,2025-09-25T06:29:44.541Z
LAB_000093,E100402,S42574,Chemistry Lab,2025-12-08T21:10:24.282Z,17:00-17:00,Ullus arca tunc apparatus defungo abeo dolorem.,confirmed,2025-10-19T17:32:06.767Z
LAB_000094,E100318,S29942,Computer Lab 2,2025-11-25T11:57:02.532Z,14:00-13:00,Ulterius vulgus pariatur calco.,pending,2025-10-08T04:29:13.245Z
LAB_000095,E100242,S73901,Biology Lab,2025-12-20T13:04:00.315Z,17:00-15:00,Usque cogito pectus theatrum tumultus repellendus tum.,pending,2025-09-25T12:30:20.381Z
LAB_000096,E100615,S15947,Electronics Lab,2025-12-26T05:45:26.299Z,11:00-12:00,Socius aro carbo volo.,confirmed,2025-10-13T17:49:02.702Z
LAB_000097,E100127,S79998,Physics Lab,2025-10-25T20:20:42.953Z,11:00-18:00,Cultura tabula tabernus ducimus.,pending,2025-10-02T04:59:16.864Z
LAB_000098,E100363,S86641,Chemistry Lab,2025-11-14T12:07:13.491Z,13:00-15:00,Catena tibi voro tergiversatio solus ulterius.,pending,2025-09-30T20:52:40.580Z
LAB_000099,E100221,S64628,Biology Lab,2026-01-04T02:52:23.883Z,9:00-18:00,Adsuesco tonsor sortitus virgo stabilis cursus arcus altus utique.,cancelled,2025-10-01T04:38:46.959Z
LAB_000100,E100581,S72962,Mechanical Workshop,2025-12-21T14:19:19.207Z,17:00-18:00,Aegre tergum porro curo corpus.,pending,2025-10-05T23:24:43.503Z
LAB_000101,E100753,S10967,Biology Lab,2026-01-05T15:18:03.743Z,16:00-11:00,Excepturi caries comitatus appono spero praesentium coruscus vitae ver consequuntur.,pending,2025-10-14T19:46:12.250Z
LAB_000102,E100242,S73901,Computer Lab 1,2025-11-16T13:41:18.802Z,13:00-15:00,Derideo vulgivagus adeo argentum sponte autus tracto.,cancelled,2025-09-23T16:03:30.452Z
LAB_000103,E100041,S81817,Mechanical Workshop,2025-12-16T04:19:08.796Z,15:00-13:00,Tumultus stipes conicio.,confirmed,2025-10-19T23:15:55.707Z
LAB_000104,E100499,S35056,Computer Lab 1,2025-11-05T18:45:56.009Z,16:00-17:00,Repudiandae quis viriliter arbitro debilito carpo cornu sum copiose catena.,cancelled,2025-10-21T16:00:12.392Z
LAB_000105,E100156,S43004,Electronics Lab,2025-12-19T06:37:13.429Z,10:00-11:00,Defaeco deputo magnam textor acies complectus consuasor apto.,cancelled,2025-09-20T15:43:18.109Z
LAB_000106,E100118,S92124,Research Lab,2026-01-04T13:52:47.568Z,11:00-14:00,Tempora volutabrum ustulo vereor varietas cometes caterva pel.,confirmed,2025-09-27T12:48:37.051Z
LAB_000107,E100559,S74211,Physics Lab,2025-12-19T15:17:33.970Z,10:00-10:00,Sortitus amissio aliquam verecundia vilicus.,confirmed,2025-09-19T17:31:37.363Z
LAB_000108,E100546,S61067,Biology Lab,2025-11-04T01:07:39.095Z,9:00-13:00,Cultellus avaritia summa aegrus adsuesco infit artificiose.,pending,2025-09-19T04:06:20.403Z
LAB_000109,E100539,S98993,Biology Lab,2025-11-09T21:24:32.477Z,9:00-16:00,Carmen rem uberrime.,cancelled,2025-10-01T14:24:52.990Z
LAB_000110,E100417,S84574,Chemistry Lab,2025-12-07T05:55:09.583Z,12:00-15:00,Calcar trado brevis utpote terminatio labore.,pending,2025-10-11T15:29:06.885Z
LAB_000111,E100584,S24891,Physics Lab,2025-11-28T16:50:25.626Z,17:00-13:00,Comparo vitae deprecator.,confirmed,2025-10-06T02:24:07.616Z
LAB_000112,E100597,S69685,Mechanical Workshop,2025-12-01T20:36:11.122Z,11:00-18:00,Suscipit qui illum rerum volubilis approbo claro curso.,pending,2025-09-24T19:02:34.608Z
LAB_000113,E100380,S93472,Physics Lab,2025-12-13T17:35:49.168Z,17:00-18:00,Tollo careo asperiores clam.,pending,2025-10-12T13:44:37.525Z
LAB_000114,E100183,S96724,Mechanical Workshop,2025-10-29T20:45:53.644Z,10:00-13:00,Acies commemoro aggredior cupressus ocer amaritudo decens accendo sumptus.,confirmed,2025-09-19T23:24:38.900Z
LAB_000115,E100570,S65032,Electronics Lab,2025-12-19T09:29:03.844Z,11:00-16:00,Subito deserunt amicitia mollitia vehemens.,confirmed,2025-10-01T12:07:36.250Z
LAB_000116,E100126,S92080,Computer Lab 2,2025-12-09T19:57:47.774Z,11:00-16:00,Terror confero xiphias cena maiores suffragium repellat vero tactus.,confirmed,2025-09-29T03:17:22.691Z
LAB_000117,E100405,S80575,Physics Lab,2025-11-13T11:12:02.409Z,11:00-10:00,Curvo depraedor supellex vito.,cancelled,2025-10-24T10:04:57.698Z
LAB_000118,E100614,S69843,Biology Lab,2025-12-02T12:52:24.597Z,14:00-12:00,Accommodo summopere vesper verbera.,pending,2025-09-23T06:24:42.170Z
LAB_000119,E100312,S19627,Physics Lab,2025-12-13T03:45:48.407Z,17:00-12:00,Capio eligendi facere vivo xiphias artificiose subnecto commodi cursus comburo.,confirmed,2025-09-24T21:00:56.947Z
LAB_000120,E100770,S43908,Electronics Lab,2025-11-10T15:35:25.117Z,14:00-14:00,Thalassinus summa creo cogo adnuo antepono varietas.,confirmed,2025-09-22T21:50:48.034Z
LAB_000121,E100033,S90349,Physics Lab,2025-12-16T23:54:08.762Z,11:00-17:00,Vir tricesimus contra aiunt bonus cibo utrum approbo.,confirmed,2025-09-23T06:18:16.231Z
LAB_000122,E100144,S72587,Biology Lab,2025-12-10T12:25:22.448Z,10:00-17:00,Summopere iure ea delicate spoliatio laudantium facere trans amplus catena.,pending,2025-10-08T17:53:24.764Z
LAB_000123,E100257,S93205,Physics Lab,2025-11-21T22:35:59.067Z,13:00-17:00,Vaco conturbo depereo conduco thorax custodia theatrum deprimo venia.,pending,2025-10-08T18:05:17.402Z
LAB_000124,E100475,S69739,Physics Lab,2025-11-21T06:09:01.805Z,16:00-12:00,Earum sponte sulum cur textilis verecundia celebrer caute deleo itaque.,confirmed,2025-10-24T00:06:59.156Z
LAB_000125,E100259,S82505,Computer Lab 2,2025-11-03T02:39:20.083Z,15:00-16:00,Adipisci theca vestrum comparo.,cancelled,2025-10-13T05:46:49.275Z
LAB_000126,E100737,S51801,Electronics Lab,2025-11-12T09:06:39.272Z,17:00-13:00,Vitae accusamus creber et.,cancelled,2025-10-24T08:43:34.584Z
LAB_000127,E100768,S97958,Electronics Lab,2025-12-31T07:05:57.842Z,17:00-13:00,Defungo spoliatio accendo tenetur despecto iusto atrox.,confirmed,2025-09-30T11:19:26.696Z
LAB_000128,E100529,S23059,Computer Lab 1,2025-11-27T13:53:38.362Z,14:00-17:00,Aggredior tribuo contra alienus nisi volo voluptates tricesimus claustrum.,cancelled,2025-10-04T20:10:40.657Z
LAB_000129,E100072,S49036,Research Lab,2025-12-30T01:35:19.835Z,9:00-14:00,Officia bibo possimus dens cupio cohibeo cuius alter carbo tricesimus.,cancelled,2025-10-23T10:05:39.429Z
LAB_000130,E100735,S78014,Research Lab,2025-12-05T08:04:50.873Z,14:00-16:00,Sapiente spero vere omnis peior consuasor.,cancelled,2025-10-10T17:53:27.276Z
LAB_000131,E100670,S18256,Computer Lab 2,2025-12-10T23:58:22.481Z,9:00-16:00,Vespillo officiis a aer terebro.,pending,2025-10-15T11:21:37.752Z
LAB_000132,E100781,S61954,Mechanical Workshop,2025-10-28T19:22:23.969Z,13:00-10:00,Paulatim neque bibo absens combibo auctor tenetur depraedor.,confirmed,2025-10-17T22:03:38.355Z
LAB_000133,E100590,S94103,Chemistry Lab,2025-10-30T15:17:42.879Z,15:00-12:00,Tubineus ut acsi thermae depopulo demum caelum placeat sol.,cancelled,2025-09-19T11:30:14.344Z
LAB_000134,E100279,S90826,Chemistry Lab,2025-11-03T19:15:44.372Z,13:00-11:00,Summisse reprehenderit suadeo.,cancelled,2025-10-06T15:01:07.128Z
LAB_000135,E100179,S80792,Computer Lab 1,2025-12-26T00:12:08.724Z,17:00-10:00,Denuo accendo villa vulnero cultellus solitudo uter conitor alias surculus.,cancelled,2025-10-18T15:48:06.794Z
LAB_000136,E100776,S52059,Computer Lab 2,2025-10-27T14:05:19.836Z,17:00-15:00,Universe accusator inflammatio tam.,cancelled,2025-09-27T16:43:28.308Z
LAB_000137,E100134,S64457,Computer Lab 1,2025-12-09T00:59:43.071Z,16:00-18:00,Civis degero conicio valde acceptus stella ex.,pending,2025-10-22T15:28:21.628Z
LAB_000138,E100205,S36064,Electronics Lab,2025-12-02T02:15:24.815Z,12:00-13:00,Velit temperantia advoco.,cancelled,2025-10-09T12:45:52.880Z
LAB_000139,E100174,S95485,Computer Lab 1,2025-11-08T12:17:40.677Z,15:00-18:00,Recusandae utilis stips defetiscor.,confirmed,2025-10-23T23:53:50.726Z
LAB_000140,E100344,S34706,Chemistry Lab,2025-11-08T22:10:31.885Z,17:00-11:00,Alter curis tergo alius volutabrum aliquid rerum decerno temperantia thymum.,cancelled,2025-10-20T18:54:37.783Z
LAB_000141,E100678,S31066,Computer Lab 2,2025-11-09T11:34:05.213Z,12:00-18:00,Alienus animadverto ducimus cometes pariatur nihil.,cancelled,2025-09-25T21:31:49.882Z
LAB_000142,E100183,S96724,Mechanical Workshop,2025-12-19T01:39:27.956Z,9:00-13:00,Cogito quaerat urbanus.,pending,2025-10-13T20:03:35.497Z
LAB_000143,E100232,S36481,Electronics Lab,2025-11-20T10:38:51.110Z,14:00-17:00,Eveniet demo avarus tantillus compello comparo.,pending,2025-10-23T11:30:14.184Z
LAB_000144,E100355,S91083,Physics Lab,2026-01-04T04:29:03.752Z,14:00-17:00,Quam civitas tripudio sophismata acerbitas.,cancelled,2025-10-25T01:15:17.785Z
LAB_000145,E100067,S33943,Research Lab,2025-11-16T06:13:48.583Z,11:00-15:00,Laborum quibusdam crudelis appono alienus valde textus.,pending,2025-10-17T16:34:09.243Z
LAB_000146,E100050,S12594,Research Lab,2025-12-29T23:15:35.572Z,10:00-11:00,Cohaero thorax conturbo ultio.,cancelled,2025-10-06T11:52:54.758Z
LAB_000147,E100113,S53780,Computer Lab 2,2025-12-12T02:21:54.099Z,9:00-14:00,Balbus depraedor utilis defessus.,cancelled,2025-10-05T04:40:00.405Z
LAB_000148,E100213,S66090,Physics Lab,2025-10-29T04:17:36.015Z,16:00-16:00,Volutabrum argumentum video coma appositus sed pauci vilis velum cras.,confirmed,2025-10-24T18:48:02.073Z
LAB_000149,E100401,S56998,Physics Lab,2025-11-21T18:07:59.201Z,11:00-18:00,Aufero velociter amet subito crustulum.,pending,2025-10-01T04:56:54.788Z
LAB_000150,E100336,S47350,Mechanical Workshop,2025-11-28T18:55:43.177Z,9:00-12:00,Cena causa delego constans arguo confero theologus.,cancelled,2025-10-02T21:08:27.843Z
LAB_000151,E100611,S64245,Biology Lab,2025-12-27T18:04:16.604Z,14:00-13:00,Tego taedium adeo tonsor suspendo demonstro repudiandae suasoria.,cancelled,2025-10-20T01:13:52.180Z
LAB_000152,E100238,S19349,Mechanical Workshop,2025-12-29T15:34:27.179Z,9:00-15:00,Sollers vomica vallum pel solus surculus sunt molestias ulciscor.,pending,2025-09-22T05:58:40.109Z
LAB_000153,E100310,S29432,Mechanical Workshop,2025-12-15T06:40:41.106Z,9:00-15:00,Communis tamdiu conitor umerus aegrus theca quas asperiores.,pending,2025-10-24T12:18:35.191Z
LAB_000154,E100064,S99352,Mechanical Workshop,2025-12-29T11:32:52.219Z,13:00-18:00,Benevolentia tripudio cimentarius soluta dedecor votum eos assumenda.,confirmed,2025-10-09T19:25:25.677Z
LAB_000155,E100070,S45726,Chemistry Lab,2025-11-07T20:11:50.879Z,11:00-13:00,Thorax iste tenax vesica.,cancelled,2025-10-24T01:27:58.851Z
LAB_000156,E100478,S41634,Biology Lab,2025-12-09T02:09:57.681Z,17:00-11:00,Impedit conor quae sonitus clamo.,pending,2025-09-25T16:08:05.023Z
LAB_000157,E100690,S60926,Computer Lab 2,2025-10-31T16:10:29.138Z,16:00-15:00,Audentia magni subito enim.,confirmed,2025-10-10T10:21:48.275Z
LAB_000158,E100674,S22419,Electronics Lab,2026-01-04T04:10:10.702Z,16:00-18:00,Uredo depono bardus crebro.,confirmed,2025-10-09T14:12:20.099Z
LAB_000159,E100456,S57788,Research Lab,2025-12-09T23:59:31.502Z,13:00-12:00,Admitto pecto auxilium pectus aurum tero.,cancelled,2025-09-30T00:40:55.081Z
LAB_000160,E100162,S41168,Chemistry Lab,2025-12-20T21:00:04.968Z,14:00-18:00,Tergum eos timidus solvo.,cancelled,2025-09-29T14:11:28.939Z
LAB_000161,E100064,S99352,Mechanical Workshop,2025-12-16T19:38:13.044Z,12:00-16:00,Convoco versus fugiat utique tandem demonstro quas tergo approbo.,pending,2025-09-28T05:52:18.712Z
LAB_000162,E100568,S75260,Mechanical Workshop,2025-12-16T10:19:33.938Z,17:00-11:00,Averto bardus vis.,pending,2025-10-13T00:25:18.773Z
LAB_000163,E100464,S92982,Electronics Lab,2025-12-21T04:55:01.956Z,17:00-18:00,Ustulo crastinus pel adipiscor facilis tremo mollitia attollo.,pending,2025-10-08T23:47:46.293Z
LAB_000164,E100566,S45930,Research Lab,2025-10-28T19:43:08.585Z,17:00-18:00,Terreo concido earum.,cancelled,2025-09-19T11:05:03.400Z
LAB_000165,E100195,S93041,Chemistry Lab,2025-11-20T19:16:45.336Z,12:00-13:00,Argumentum vos beatae celo vaco vulgus tres cruciamentum architecto vox.,pending,2025-10-01T05:16:15.550Z
LAB_000166,E100618,S71896,Mechanical Workshop,2026-01-02T14:31:04.775Z,14:00-16:00,Vicinus terminatio paens credo iste depraedor optio credo inventore.,confirmed,2025-10-21T17:21:05.496Z
LAB_000167,E100665,S31528,Research Lab,2025-12-02T11:52:41.393Z,13:00-18:00,Statua aeneus illo.,cancelled,2025-09-30T22:48:51.476Z
LAB_000168,E100222,S67161,Research Lab,2025-11-01T06:29:21.445Z,14:00-18:00,Voveo dolor tunc combibo coniuratio solvo nobis adsuesco dolorem.,confirmed,2025-10-11T17:47:47.418Z
LAB_000169,E100077,S39169,Mechanical Workshop,2025-11-16T09:22:23.342Z,14:00-11:00,Usque tolero adinventitias stabilis varietas.,confirmed,2025-10-01T15:17:48.106Z
LAB_000170,E100163,S10612,Computer Lab 1,2025-10-26T02:17:41.611Z,15:00-11:00,Apto vis textilis ademptio amplexus balbus umbra ullam cupiditate sapiente.,cancelled,2025-09-30T03:50:57.986Z
LAB_000171,E100234,S95904,Biology Lab,2025-12-20T14:52:25.058Z,13:00-11:00,Admoneo deorsum crapula desidero venia commodo ultio.,pending,2025-10-05T05:20:13.296Z
LAB_000172,E100655,S47615,Computer Lab 2,2025-11-21T22:00:02.905Z,15:00-14:00,Ambitus solutio minus tunc surgo versus cena coepi.,cancelled,2025-10-16T18:59:57.552Z
LAB_000173,E100603,S45545,Computer Lab 1,2025-10-30T03:45:01.146Z,9:00-15:00,Sulum cupio suffragium provident crudelis voluptates spiculum atavus adstringo.,confirmed,2025-10-14T14:55:01.183Z
LAB_000174,E100025,S67794,Physics Lab,2026-01-05T00:26:14.257Z,16:00-11:00,Adhaero tenetur conduco.,confirmed,2025-10-10T13:58:39.384Z
LAB_000175,E100786,S73661,Biology Lab,2025-11-18T21:00:15.191Z,12:00-16:00,Audeo verus benigne.,pending,2025-09-30T06:01:55.605Z
LAB_000176,E100155,S82069,Research Lab,2025-12-28T02:41:39.400Z,17:00-14:00,Excepturi vinco universe talis denego auditor celer.,cancelled,2025-10-03T13:10:39.841Z
LAB_000177,E100786,S73661,Physics Lab,2025-11-27T12:39:33.926Z,17:00-11:00,Cervus alienus conspergo caste tenus carmen amplitudo.,confirmed,2025-10-17T15:45:34.155Z
LAB_000178,E100158,S70260,Physics Lab,2025-12-14T13:26:01.565Z,11:00-12:00,Tepesco aeneus dolore defluo comminor antea calamitas suadeo.,cancelled,2025-09-19T02:48:32.777Z
LAB_000179,E100054,S43948,Chemistry Lab,2025-12-13T13:07:24.847Z,16:00-14:00,Debeo tollo angelus conscendo crepusculum vulpes synagoga.,pending,2025-10-10T06:54:43.365Z
LAB_000180,E100506,S68135,Biology Lab,2025-11-19T02:53:23.709Z,17:00-14:00,Textilis ascit voluptatibus dolor usitas succurro vae.,cancelled,2025-09-25T05:23:09.826Z
LAB_000181,E100672,S60083,Computer Lab 2,2025-12-24T00:36:06.968Z,14:00-17:00,Consequatur accendo terreo cornu aqua capitulus clibanus temperantia dolor.,pending,2025-10-11T04:58:48.326Z
LAB_000182,E100769,S25393,Electronics Lab,2025-11-09T09:28:34.678Z,11:00-16:00,Antea timidus at ascisco peior.,cancelled,2025-09-21T04:29:04.469Z
LAB_000183,E100041,S81817,Computer Lab 2,2025-12-17T03:21:44.849Z,10:00-16:00,Sophismata textor timor.,confirmed,2025-10-19T01:29:30.900Z
LAB_000184,E100501,S47106,Physics Lab,2025-12-19T11:25:39.344Z,17:00-15:00,Cubitum sto corroboro iste vinum assentator est denego sui et.,pending,2025-10-14T00:46:45.028Z
LAB_000185,E100679,S12165,Computer Lab 1,2025-12-02T16:19:57.426Z,17:00-10:00,Tenuis delicate appositus odit creator textus curia clibanus bellum temeritas.,confirmed,2025-10-17T21:28:06.444Z
LAB_000186,E100298,S95717,Mechanical Workshop,2025-10-30T08:59:42.642Z,16:00-18:00,Vitiosus hic curvo ad vobis vigor tenuis rerum aurum.,confirmed,2025-09-22T02:32:27.925Z
LAB_000187,E100586,S28815,Biology Lab,2025-12-28T00:44:09.447Z,17:00-13:00,Valde veritatis cogo doloremque argentum.,cancelled,2025-09-28T00:56:32.091Z
LAB_000188,E100275,S76041,Computer Lab 2,2025-12-29T21:38:30.999Z,14:00-14:00,Delinquo adopto conspergo alo antea abscido cubitum veniam.,cancelled,2025-10-10T05:26:16.495Z
LAB_000189,E100242,S73901,Chemistry Lab,2025-11-25T18:28:30.542Z,14:00-17:00,Crux aestas auxilium rerum blandior pectus cinis.,pending,2025-10-09T12:02:14.894Z
LAB_000190,E100681,S14751,Chemistry Lab,2025-11-12T20:17:35.288Z,11:00-18:00,Cunae admiratio libero vero armarium verbum sublime caelum summopere.,pending,2025-10-15T19:54:58.902Z
LAB_000191,E100618,S71896,Biology Lab,2025-11-16T18:10:57.454Z,12:00-12:00,Autus nam vobis vesco pax ars.,cancelled,2025-10-19T13:48:05.400Z
LAB_000192,E100005,S55353,Physics Lab,2025-11-20T18:40:13.251Z,14:00-10:00,Atrocitas suppono urbanus traho concedo solitudo ab audacia.,pending,2025-09-20T14:54:33.647Z
LAB_000193,E100409,S28855,Electronics Lab,2025-12-15T05:35:01.515Z,10:00-15:00,Depromo caritas aggero curia ter itaque.,pending,2025-09-21T04:22:41.112Z
LAB_000194,E100182,S90591,Biology Lab,2025-12-03T20:00:30.530Z,14:00-11:00,Audentia venia anser aspernatur crebro.,cancelled,2025-10-13T00:13:57.332Z
LAB_000195,E100730,S71069,Computer Lab 1,2025-11-05T17:38:51.069Z,13:00-14:00,Totus cruciamentum antiquus tripudio adhaero conspergo.,pending,2025-09-28T08:48:49.933Z
LAB_000196,E100270,S68096,Chemistry Lab,2025-11-15T18:35:32.868Z,17:00-17:00,Audacia eos nihil.,confirmed,2025-09-29T06:57:15.994Z
LAB_000197,E100352,S79841,Biology Lab,2025-11-25T23:39:11.360Z,15:00-17:00,Aedificium beatae crebro demergo vallum cogito deprecator.,confirmed,2025-10-12T11:54:02.226Z
LAB_000198,E100627,S98737,Mechanical Workshop,2025-11-01T00:12:12.545Z,14:00-11:00,Cetera condico animus benevolentia reprehenderit baiulus chirographum maxime.,confirmed,2025-10-23T21:27:01.423Z
LAB_000199,E100121,S14100,Electronics Lab,2025-12-31T20:19:59.149Z,10:00-10:00,Cernuus arma vobis curso.,pending,2025-10-13T17:15:16.679Z
LAB_000200,E100351,S73206,Electronics Lab,2025-12-17T01:41:01.620Z,16:00-11:00,Considero angulus occaecati vomito demonstro.,cancelled,2025-09-28T23:42:19.493Z
LAB_000201,E100038,S67646,Research Lab,2025-11-23T08:21:13.535Z,12:00-14:00,Accommodo voveo defleo vereor cupio denuo confugo velut.,pending,2025-10-02T00:26:44.093Z
LAB_000202,E100226,S27402,Physics Lab,2025-12-10T06:29:19.175Z,15:00-18:00,Uterque acies aegrus volutabrum vespillo ver vito.,pending,2025-10-22T14:51:02.497Z
LAB_000203,E100074,S52856,Research Lab,2025-11-03T02:06:57.315Z,13:00-18:00,Deorsum derideo comes utrimque valetudo sono versus.,confirmed,2025-09-25T17:33:52.565Z
LAB_000204,E100220,S99154,Computer Lab 2,2025-10-31T10:11:31.907Z,15:00-12:00,Corporis aliquam amplitudo doloremque utrimque vorago viriliter tergiversatio alioqui.,confirmed,2025-10-15T23:46:13.040Z
LAB_000205,E100512,S67975,Electronics Lab,2025-11-20T11:50:36.280Z,16:00-18:00,Aegrus caterva contra vindico.,cancelled,2025-09-21T07:04:20.459Z
LAB_000206,E100465,S71801,Biology Lab,2025-12-27T21:45:46.285Z,12:00-11:00,Consequatur aperiam ater.,confirmed,2025-10-25T11:21:05.413Z
LAB_000207,E100653,S39476,Physics Lab,2025-12-25T22:56:09.366Z,9:00-13:00,Carcer adiuvo magni repellat campana laboriosam tollo.,cancelled,2025-10-02T07:27:20.030Z
LAB_000208,E100295,S81375,Biology Lab,2025-12-13T04:40:47.254Z,10:00-17:00,Timidus atavus libero statim soluta defluo.,pending,2025-10-24T00:53:32.923Z
LAB_000209,E100307,S32175,Physics Lab,2025-12-18T16:36:30.051Z,9:00-11:00,Cado conservo deporto quos saepe verecundia canto.,cancelled,2025-09-28T22:21:57.709Z
LAB_000210,E100796,S38228,Computer Lab 1,2025-12-26T16:05:39.816Z,15:00-14:00,Aiunt apostolus patria allatus spoliatio tamen.,pending,2025-09-21T15:09:46.244Z
LAB_000211,E100398,S78179,Mechanical Workshop,2025-12-12T18:11:33.798Z,14:00-18:00,Decor pax debilito degenero inventore.,cancelled,2025-10-12T09:38:05.018Z
LAB_000212,E100630,S24162,Electronics Lab,2025-10-28T04:57:30.813Z,11:00-12:00,Cibo derideo cogito delibero textilis velut tero arto vos.,cancelled,2025-09-30T12:10:58.137Z
LAB_000213,E100663,S15029,Physics Lab,2025-12-14T08:11:32.756Z,17:00-11:00,Fuga tergiversatio cultellus tumultus tamquam.,cancelled,2025-09-30T18:16:43.341Z
LAB_000214,E100472,S19145,Electronics Lab,2025-12-25T00:16:33.718Z,9:00-14:00,Aetas angelus alii aro aduro admoveo condico averto trans ascisco.,cancelled,2025-10-05T06:10:29.885Z
LAB_000215,E100177,S89189,Electronics Lab,2025-11-21T11:42:22.414Z,9:00-12:00,Vivo ustilo conor bibo minima ventus sufficio corporis tertius.,cancelled,2025-09-25T14:31:12.911Z
LAB_000216,E100121,S14100,Mechanical Workshop,2025-11-29T10:59:45.449Z,13:00-16:00,Velit vulticulus carcer surgo caelum clementia cupiditate tui degusto tabernus.,pending,2025-10-22T06:51:15.451Z
LAB_000217,E100724,S25315,Research Lab,2025-12-28T03:12:22.825Z,10:00-13:00,Cuppedia tabgo cresco ventus aequitas accusantium asper vesco.,cancelled,2025-09-23T02:25:42.548Z
LAB_000218,E100784,S88604,Biology Lab,2025-12-18T07:30:21.807Z,11:00-15:00,Adicio alias suasoria crur adficio cauda vito cotidie.,pending,2025-10-14T18:41:00.541Z
LAB_000219,E100681,S14751,Electronics Lab,2025-11-18T14:07:27.384Z,10:00-13:00,Chirographum tubineus copiose avarus repellendus utique.,pending,2025-10-25T04:44:54.398Z
LAB_000220,E100164,S45241,Biology Lab,2025-10-28T09:46:49.802Z,12:00-12:00,Dolor vulpes conitor similique.,cancelled,2025-10-02T04:53:57.750Z
LAB_000221,E100235,S86666,Mechanical Workshop,2025-11-22T20:40:11.477Z,9:00-13:00,Aeneus vita cenaculum.,confirmed,2025-09-27T02:09:34.600Z
LAB_000222,E100516,S38888,Biology Lab,2025-11-30T09:15:44.894Z,11:00-12:00,Vulgivagus comptus patruus cetera subseco barba votum.,cancelled,2025-09-29T18:02:54.594Z
LAB_000223,E100612,S28587,Chemistry Lab,2025-11-10T01:56:58.721Z,14:00-16:00,Adaugeo terminatio spiritus adduco totus xiphias.,cancelled,2025-10-09T02:52:33.387Z
LAB_000224,E100587,S23511,Physics Lab,2025-12-28T07:32:11.770Z,12:00-14:00,Cicuta molestiae spiculum ago.,cancelled,2025-10-04T21:42:13.716Z
LAB_000225,E100765,S77231,Research Lab,2025-12-11T09:07:53.850Z,16:00-10:00,Fugit coma arguo cum officiis caelestis conicio utrum adipisci.,pending,2025-09-29T10:36:56.499Z
LAB_000226,E100500,S18320,Electronics Lab,2025-12-23T08:58:21.716Z,9:00-18:00,Contabesco vitiosus demoror vorax.,confirmed,2025-10-24T05:24:01.330Z
LAB_000227,E100601,S83236,Electronics Lab,2025-11-27T22:22:32.821Z,13:00-13:00,Carmen patruus vestrum culpa.,cancelled,2025-10-17T16:20:59.990Z
LAB_000228,E100018,S14430,Electronics Lab,2025-12-12T11:39:54.334Z,9:00-16:00,Subvenio solium tracto adiuvo.,pending,2025-10-08T05:38:21.382Z
LAB_000229,E100409,S28855,Electronics Lab,2025-11-13T10:39:40.748Z,14:00-13:00,Temperantia terebro quibusdam paens argumentum adiuvo depopulo.,pending,2025-10-12T19:55:01.191Z
LAB_000230,E100306,S70214,Electronics Lab,2025-12-16T20:08:57.883Z,16:00-18:00,Minus armarium compello crebro crudelis coerceo cohaero tabula.,confirmed,2025-10-23T10:06:19.302Z
LAB_000231,E100325,S13898,Electronics Lab,2025-10-30T22:20:11.834Z,10:00-18:00,Ambitus acerbitas eius cinis tredecim contego cattus veritas.,pending,2025-10-17T10:32:09.880Z
LAB_000232,E100116,S39939,Chemistry Lab,2025-12-22T00:47:58.695Z,14:00-14:00,Sublime tener tepidus quis amiculum vespillo.,pending,2025-10-23T08:26:33.064Z
LAB_000233,E100460,S67797,Biology Lab,2025-12-05T17:07:10.950Z,11:00-14:00,Supplanto adeo abscido decet tamquam terminatio sub.,cancelled,2025-10-22T21:40:49.233Z
LAB_000234,E100570,S65032,Biology Lab,2025-12-05T16:55:34.057Z,15:00-17:00,Amiculum delego censura vergo solutio pariatur labore succurro consuasor.,cancelled,2025-10-19T15:04:34.073Z
LAB_000235,E100147,S43677,Electronics Lab,2025-12-03T14:47:36.924Z,17:00-11:00,Pecco venio testimonium.,cancelled,2025-10-11T16:30:42.533Z
LAB_000236,E100700,S39458,Physics Lab,2025-11-01T14:20:08.790Z,16:00-10:00,Thymum adimpleo vomica theca.,cancelled,2025-10-02T14:52:25.891Z
LAB_000237,E100381,S40538,Chemistry Lab,2025-12-16T14:20:36.972Z,11:00-16:00,Sollicito beneficium sopor atrox summisse denique.,pending,2025-10-19T21:17:04.611Z
LAB_000238,E100166,S94520,Physics Lab,2025-11-19T22:59:09.807Z,15:00-11:00,Suscipit apparatus demum adsidue.,pending,2025-10-07T19:51:32.595Z
LAB_000239,E100563,S52234,Computer Lab 1,2025-12-30T16:37:38.330Z,11:00-17:00,Comes voluptate fugiat infit.,pending,2025-09-21T21:24:21.371Z
LAB_000240,E100519,S88854,Electronics Lab,2025-12-18T23:59:05.069Z,15:00-18:00,Confero adulatio volup.,cancelled,2025-10-21T00:01:46.610Z
LAB_000241,E100421,S80439,Computer Lab 2,2025-12-17T12:29:47.933Z,17:00-13:00,Tricesimus coniuratio deleniti.,confirmed,2025-10-11T20:13:32.494Z
LAB_000242,E100212,S28973,Chemistry Lab,2025-12-17T18:36:21.087Z,9:00-18:00,Averto tremo theatrum appello minus.,confirmed,2025-09-20T12:07:05.550Z
LAB_000243,E100513,S56381,Mechanical Workshop,2025-12-03T00:01:05.938Z,9:00-10:00,Solio vinculum trans.,confirmed,2025-10-23T06:11:21.659Z
LAB_000244,E100047,S70702,Biology Lab,2026-01-01T17:13:40.301Z,17:00-11:00,Patrocinor vulgaris umquam eaque asperiores ipsa antea aveho vestigium.,pending,2025-10-13T10:29:39.296Z
LAB_000245,E100197,S43448,Biology Lab,2025-11-08T06:03:54.106Z,10:00-18:00,Patrocinor delectatio valeo tergeo porro exercitationem accommodo.,cancelled,2025-10-25T06:18:22.818Z
LAB_000246,E100779,S88564,Mechanical Workshop,2026-01-01T14:51:41.200Z,11:00-18:00,Antea ademptio aduro similique arceo.,pending,2025-10-08T21:44:59.778Z
LAB_000247,E100197,S43448,Electronics Lab,2025-12-13T10:04:19.076Z,12:00-18:00,Voro caute auctus summa utor valetudo officia animi.,pending,2025-10-08T12:30:06.995Z
LAB_000248,E100532,S66445,Physics Lab,2025-12-18T05:18:45.106Z,12:00-14:00,Delinquo amo tergeo torqueo totidem defungo.,confirmed,2025-10-19T07:04:41.545Z
LAB_000249,E100690,S60926,Chemistry Lab,2025-11-04T23:37:49.630Z,15:00-13:00,Torrens aiunt synagoga sustineo teres cuius sapiente labore acerbitas.,cancelled,2025-10-17T01:23:33.018Z
LAB_000250,E100744,S29002,Physics Lab,2025-12-05T02:13:46.784Z,17:00-17:00,Aegrotatio pariatur vivo sed dolores summopere autus.,pending,2025-10-02T03:38:22.677Z
LAB_000251,E100251,S89535,Computer Lab 1,2025-12-27T18:51:07.350Z,14:00-10:00,Tero suspendo cribro tonsor sapiente crux apparatus thema suffoco dicta.,confirmed,2025-10-06T18:17:28.643Z
LAB_000252,E100056,S62763,Computer Lab 2,2025-12-14T04:09:20.887Z,9:00-16:00,Articulus pecco astrum conduco curatio valde caute vomica infit.,pending,2025-10-12T03:15:47.308Z
LAB_000253,E100485,S99150,Computer Lab 1,2025-12-25T09:52:15.872Z,16:00-14:00,Facilis quibusdam testimonium solum pecto pecco.,confirmed,2025-09-22T19:21:17.750Z
LAB_000254,E100112,S72695,Mechanical Workshop,2025-11-05T16:24:52.035Z,12:00-18:00,Casso spectaculum tremo tabula vilis vigilo vulgus vitiosus.,cancelled,2025-10-03T06:31:02.234Z
LAB_000255,E100221,S64628,Research Lab,2025-11-22T20:13:03.658Z,15:00-17:00,Nam tres truculenter abeo.,pending,2025-10-07T02:13:31.410Z
LAB_000256,E100454,S37871,Computer Lab 2,2025-10-30T15:34:31.163Z,14:00-12:00,Arx casso deorsum harum certus speculum cotidie stipes voro.,confirmed,2025-10-13T22:46:50.300Z
LAB_000257,E100201,S29144,Mechanical Workshop,2025-12-16T21:35:32.363Z,16:00-17:00,Administratio est tabula depereo vae collum.,cancelled,2025-09-23T12:49:21.077Z
LAB_000258,E100538,S10172,Biology Lab,2025-12-05T02:47:24.281Z,13:00-11:00,Arbustum spiritus admiratio apud.,confirmed,2025-10-22T00:59:52.594Z
LAB_000259,E100339,S14593,Physics Lab,2026-01-02T12:36:08.344Z,14:00-18:00,Adhaero defero venia.,pending,2025-10-18T08:12:37.924Z
LAB_000260,E100772,S19429,Research Lab,2025-10-31T01:37:06.639Z,13:00-13:00,Arceo ver cauda unus tricesimus tersus cunae patria arbor tempora.,confirmed,2025-10-11T16:34:20.527Z
LAB_000261,E100640,S86946,Mechanical Workshop,2025-12-08T22:31:42.783Z,9:00-14:00,Abscido valde tamquam callide dens.,confirmed,2025-10-23T15:59:49.352Z
LAB_000262,E100268,S75894,Research Lab,2025-11-01T20:41:07.026Z,13:00-15:00,Decerno corrigo voluntarius ventus universe coadunatio curso aegre.,confirmed,2025-10-10T23:21:49.318Z
LAB_000263,E100243,S81718,Biology Lab,2025-10-29T17:16:22.453Z,17:00-14:00,Ustilo tepesco ocer sollers voluptatum civis vigilo doloremque cibus.,pending,2025-10-05T20:48:49.282Z
LAB_000264,E100516,S38888,Computer Lab 2,2025-11-20T14:28:37.328Z,10:00-16:00,Pecto expedita tubineus debilito alias decimus curis tumultus.,pending,2025-10-25T11:17:06.682Z
LAB_000265,E100684,S92540,Chemistry Lab,2025-11-15T09:48:42.643Z,14:00-12:00,Considero stips temporibus voluptate voluntarius.,pending,2025-09-28T01:29:25.933Z
LAB_000266,E100778,S39518,Computer Lab 2,2025-12-30T19:54:20.495Z,17:00-13:00,Angulus cauda incidunt vulnus pel amiculum communis synagoga.,cancelled,2025-10-08T09:46:17.451Z
LAB_000267,E100233,S37036,Biology Lab,2026-01-05T20:56:22.459Z,10:00-13:00,In tenax templum.,pending,2025-10-24T05:29:40.131Z
LAB_000268,E100705,S79923,Biology Lab,2025-12-19T18:47:18.223Z,13:00-11:00,Conspergo tener rerum.,cancelled,2025-09-29T02:46:52.145Z
LAB_000269,E100045,S23349,Electronics Lab,2025-12-07T10:12:24.321Z,15:00-10:00,Arma fugiat arx avarus nihil comedo unde concido alienus.,confirmed,2025-10-08T00:30:06.980Z
LAB_000270,E100101,S95801,Research Lab,2025-11-11T20:00:05.742Z,12:00-17:00,Ipsa suppellex tui volubilis animi depereo.,confirmed,2025-09-23T07:22:47.069Z
LAB_000271,E100265,S12780,Biology Lab,2025-12-21T14:05:44.341Z,10:00-15:00,Nulla triumphus tristis crur surculus abscido.,cancelled,2025-10-18T23:28:36.893Z
LAB_000272,E100482,S77518,Mechanical Workshop,2025-10-25T17:19:30.345Z,17:00-14:00,Assumenda capto ipsam conculco atrocitas tolero colo arbitro pax.,pending,2025-09-19T15:35:28.330Z
LAB_000273,E100272,S23264,Biology Lab,2026-01-05T21:18:24.436Z,11:00-18:00,Blandior fugiat angustus astrum aveho.,cancelled,2025-10-10T22:14:34.447Z
LAB_000274,E100143,S81526,Research Lab,2025-12-27T00:13:41.240Z,9:00-13:00,Derelinquo sustineo caveo agnitio depopulo sto assumenda.,pending,2025-10-14T18:47:14.868Z
LAB_000275,E100056,S62763,Chemistry Lab,2025-12-02T19:22:15.057Z,10:00-16:00,Amor volaticus vespillo.,cancelled,2025-10-07T08:57:21.409Z
LAB_000276,E100276,S32664,Biology Lab,2025-11-23T09:11:09.081Z,10:00-13:00,Subnecto clamo adfectus curriculum considero.,confirmed,2025-10-20T12:33:55.081Z
LAB_000277,E100005,S55353,Chemistry Lab,2025-10-30T09:37:16.747Z,12:00-13:00,Acerbitas super cibo cubitum coadunatio tondeo sequi.,pending,2025-10-12T21:45:31.159Z
LAB_000278,E100549,S62979,Chemistry Lab,2026-01-06T00:20:16.218Z,15:00-14:00,Capitulus earum cruentus cur.,pending,2025-10-06T13:48:35.598Z
LAB_000279,E100390,S75835,Physics Lab,2025-12-04T02:42:00.721Z,9:00-15:00,Texo blandior conduco atrox coniecto ventus carbo ipsa aqua.,confirmed,2025-10-08T17:20:15.536Z
LAB_000280,E100304,S26082,Electronics Lab,2025-12-22T14:37:20.338Z,15:00-13:00,Ambitus cum theologus certus stella cum tredecim.,confirmed,2025-10-22T00:58:06.536Z
LAB_000281,E100183,S96724,Computer Lab 1,2025-11-20T04:02:29.035Z,9:00-15:00,Cultellus aspicio adicio tamquam defaeco comedo blandior admitto cura tum.,confirmed,2025-10-23T05:32:38.779Z
LAB_000282,E100078,S42777,Chemistry Lab,2025-10-30T11:27:47.148Z,16:00-10:00,Speciosus patrocinor vito cura avarus fugiat vesica tempus laudantium vulgus.,cancelled,2025-09-22T09:09:51.532Z
LAB_000283,E100651,S78684,Physics Lab,2025-12-08T20:10:01.774Z,16:00-14:00,Quas beatus acquiro.,cancelled,2025-10-14T11:17:54.285Z
LAB_000284,E100767,S34613,Electronics Lab,2025-12-26T15:37:02.277Z,11:00-18:00,Cena tepidus statim utrum aeger testimonium annus.,pending,2025-10-10T10:29:49.190Z
LAB_000285,E100521,S19530,Biology Lab,2025-11-25T10:54:39.479Z,12:00-11:00,Cubitum universe decretum strues tumultus perspiciatis quaerat antea casso.,cancelled,2025-09-24T23:20:06.647Z
LAB_000286,E100029,S90370,Mechanical Workshop,2025-10-29T18:12:58.704Z,15:00-16:00,Cavus distinctio concido aegrotatio auxilium.,pending,2025-10-21T13:43:04.812Z
LAB_000287,E100152,S47602,Electronics Lab,2025-12-20T22:50:12.745Z,14:00-13:00,Summisse ut cunae ater capio.,pending,2025-09-21T22:51:27.246Z
LAB_000288,E100705,S79923,Physics Lab,2025-12-24T01:52:12.486Z,17:00-14:00,Adhuc crudelis arto trepide apostolus caelestis conspergo defluo sequi sit.,confirmed,2025-09-28T18:33:09.252Z
LAB_000289,E100668,S16001,Computer Lab 2,2025-11-27T02:36:11.160Z,16:00-12:00,Tristis virga verbera illo viscus ulterius cognomen arcus.,cancelled,2025-09-26T18:39:06.585Z
LAB_000290,E100062,S73950,Biology Lab,2025-11-27T09:33:19.152Z,9:00-15:00,Quod quod claustrum admoneo molestiae tempore cupio.,confirmed,2025-09-24T01:26:05.293Z
LAB_000291,E100160,S36027,Computer Lab 1,2025-11-12T16:20:02.931Z,10:00-18:00,Cimentarius possimus iure theologus eos vester aestivus aro.,cancelled,2025-09-23T14:25:05.325Z
LAB_000292,E100041,S81817,Electronics Lab,2025-12-27T11:13:53.166Z,11:00-17:00,Vilicus cursim vivo decet derelinquo.,pending,2025-10-05T08:25:16.609Z
LAB_000293,E100656,S43769,Computer Lab 2,2025-12-30T15:51:22.776Z,10:00-15:00,Argumentum aequitas adfectus distinctio amor denego sit sperno utroque.,pending,2025-10-13T17:22:11.364Z
LAB_000294,E100290,S23300,Biology Lab,2026-01-05T16:19:03.909Z,10:00-17:00,Ut reiciendis tardus cresco culpa adnuo cenaculum supra depulso conduco.,confirmed,2025-09-28T08:01:39.381Z
LAB_000295,E100408,S23788,Computer Lab 1,2025-12-21T14:22:28.293Z,13:00-16:00,Cubitum doloribus admoveo amplexus aequus cultellus impedit.,confirmed,2025-10-22T22:06:41.614Z
LAB_000296,E100128,S56965,Computer Lab 1,2025-11-04T17:18:37.395Z,17:00-11:00,Aetas allatus vestigium nihil tenax sapiente aut.,pending,2025-09-26T12:45:42.324Z
LAB_000297,E100037,S18925,Electronics Lab,2025-11-01T07:50:42.967Z,15:00-14:00,Neque certe taedium tutis aliqua.,cancelled,2025-10-21T14:10:46.472Z
LAB_000298,E100262,S15543,Electronics Lab,2025-11-13T10:00:23.931Z,9:00-11:00,Patruus adfero verecundia amoveo beatus vesper canto.,pending,2025-10-14T19:55:06.556Z
LAB_000299,E100190,S50779,Biology Lab,2025-12-22T11:09:13.143Z,9:00-10:00,Cupio alius centum urbs vero chirographum sunt vomica.,cancelled,2025-10-11T12:54:12.752Z
LAB_000300,E100780,S68907,Mechanical Workshop,2025-11-26T03:33:59.331Z,10:00-14:00,Animadverto conventus supplanto.,confirmed,2025-10-19T22:07:56.075Z
LAB_000301,E100629,S76926,Mechanical Workshop,2025-11-04T00:03:30.161Z,11:00-14:00,Sonitus abbas speciosus argumentum strenuus cupiditate ut damno vetus.,cancelled,2025-09-26T17:49:39.293Z
LAB_000302,E100206,S90837,Electronics Lab,2025-11-08T03:37:51.584Z,13:00-15:00,Thesis repellendus triumphus placeat veritatis ulterius depromo.,confirmed,2025-09-26T16:29:49.875Z
LAB_000303,E100698,S64729,Research Lab,2025-12-15T11:35:29.207Z,10:00-11:00,Tempus canto audentia crudelis summopere voluptatibus adipiscor centum cena.,confirmed,2025-10-16T19:49:33.343Z
LAB_000304,E100510,S25713,Mechanical Workshop,2025-11-05T09:30:28.759Z,13:00-13:00,Avarus aureus repudiandae commodo decipio solio crustulum.,confirmed,2025-10-20T14:26:15.209Z
LAB_000305,E100479,S88188,Mechanical Workshop,2025-12-05T06:30:30.547Z,12:00-10:00,Terebro supra aer.,confirmed,2025-10-10T21:36:06.324Z
LAB_000306,E100342,S40989,Mechanical Workshop,2025-12-06T16:11:44.413Z,12:00-10:00,Autem desparatus demoror.,pending,2025-09-25T07:52:14.943Z
LAB_000307,E100232,S36481,Chemistry Lab,2025-11-10T22:58:52.740Z,14:00-17:00,Adsuesco vicinus crustulum audio annus adipiscor allatus dicta.,confirmed,2025-10-13T17:55:21.775Z
LAB_000308,E100461,S94419,Mechanical Workshop,2026-01-05T09:55:56.560Z,9:00-16:00,Conatus cunae vigilo aestus.,cancelled,2025-09-20T13:08:22.530Z
LAB_000309,E100686,S18109,Chemistry Lab,2025-12-23T04:07:29.114Z,9:00-11:00,Thesis textus thema attero.,pending,2025-10-24T08:06:48.731Z
LAB_000310,E100664,S71990,Research Lab,2025-12-31T00:02:44.138Z,12:00-14:00,Cado repellendus consuasor cernuus comminor absque ars ustulo.,pending,2025-10-03T00:28:26.062Z
LAB_000311,E100535,S55876,Chemistry Lab,2025-12-04T22:23:08.186Z,15:00-13:00,Aequus condico vestigium reprehenderit supellex ab tubineus.,confirmed,2025-09-19T14:49:04.397Z
LAB_000312,E100137,S71709,Computer Lab 2,2025-11-02T00:38:10.223Z,11:00-14:00,Aqua tego urbs temporibus attero culpa perspiciatis suffoco thema.,cancelled,2025-10-08T16:42:05.309Z
LAB_000313,E100618,S71896,Electronics Lab,2025-12-28T05:44:49.082Z,13:00-10:00,Accedo clarus sophismata ventito creber tener.,cancelled,2025-10-02T07:51:23.461Z
LAB_000314,E100282,S87565,Mechanical Workshop,2025-12-26T03:24:25.038Z,15:00-12:00,Acquiro casus vix vallum tibi.,cancelled,2025-10-15T10:35:32.337Z
LAB_000315,E100296,S40951,Physics Lab,2025-12-21T16:17:21.825Z,17:00-12:00,Ullam laudantium arbitro creo nulla.,pending,2025-10-04T04:25:56.086Z
LAB_000316,E100191,S69572,Computer Lab 1,2025-11-17T07:32:06.874Z,15:00-17:00,Solitudo undique audio conatus admitto hic nisi.,confirmed,2025-09-19T18:52:51.605Z
LAB_000317,E100098,S18104,Chemistry Lab,2025-11-13T06:20:11.698Z,17:00-15:00,Unde studio vapulus.,confirmed,2025-09-24T03:59:49.202Z
LAB_000318,E100459,S37052,Computer Lab 2,2025-12-04T07:15:15.542Z,15:00-15:00,Xiphias voluptas depromo aeneus uredo tres admiratio cuppedia.,confirmed,2025-09-29T12:29:37.510Z
LAB_000319,E100449,S57963,Electronics Lab,2025-11-09T01:23:44.913Z,15:00-13:00,Tum thermae charisma.,cancelled,2025-09-22T09:03:46.992Z
LAB_000320,E100279,S90826,Computer Lab 1,2025-12-17T08:32:48.483Z,13:00-18:00,Sum sequi vere decumbo cognatus voluptas tenuis pauci surculus.,confirmed,2025-09-25T01:55:04.308Z
LAB_000321,E100622,S74088,Computer Lab 1,2025-11-13T19:20:05.571Z,15:00-15:00,Aspicio clarus thesis.,cancelled,2025-10-18T00:40:04.014Z
LAB_000322,E100128,S56965,Mechanical Workshop,2025-11-22T19:57:57.716Z,10:00-14:00,Stillicidium chirographum conicio tristis tenax suscipio depulso atrox dolores vomica.,cancelled,2025-10-13T15:54:37.299Z
LAB_000323,E100507,S92888,Mechanical Workshop,2025-11-19T04:45:19.361Z,16:00-10:00,Odit tondeo fugiat amo xiphias sustineo alias.,cancelled,2025-09-21T16:54:35.331Z
LAB_000324,E100180,S16637,Electronics Lab,2025-12-19T21:24:41.664Z,16:00-12:00,Vinitor termes aranea bos volaticus video clarus.,confirmed,2025-10-17T02:55:31.597Z
LAB_000325,E100776,S52059,Chemistry Lab,2025-11-23T14:20:31.467Z,10:00-10:00,Terebro accendo absens audacia trans stultus callide cupio vestrum atqui.,confirmed,2025-10-21T10:22:27.986Z
LAB_000326,E100597,S69685,Mechanical Workshop,2025-12-23T02:27:25.958Z,14:00-14:00,Vito ater conforto aegre.,pending,2025-10-15T05:23:55.682Z
LAB_000327,E100569,S71787,Computer Lab 2,2025-12-26T12:41:38.590Z,10:00-11:00,Antea somnus avaritia alii.,confirmed,2025-10-01T01:23:30.221Z
LAB_000328,E100692,S57555,Chemistry Lab,2025-11-22T14:44:08.139Z,10:00-11:00,Aspernatur vesper pauci comprehendo.,pending,2025-10-18T08:20:32.119Z
LAB_000329,E100205,S36064,Chemistry Lab,2025-12-16T13:23:34.517Z,12:00-10:00,Deprecator tristis color voco admoneo summa compello coniuratio appositus volutabrum.,pending,2025-10-19T23:36:21.471Z
LAB_000330,E100029,S90370,Biology Lab,2025-12-25T07:58:11.965Z,17:00-12:00,Cuius celo summa cursus adamo.,pending,2025-10-25T00:49:37.086Z
LAB_000331,E100340,S25926,Research Lab,2026-01-02T08:15:21.626Z,16:00-14:00,Sint virga capillus.,cancelled,2025-09-20T17:11:45.045Z
LAB_000332,E100659,S50898,Physics Lab,2025-12-18T16:11:29.779Z,10:00-18:00,Cunabula capillus avarus deprimo cum itaque debeo pecto.,pending,2025-10-21T16:34:12.889Z
LAB_000333,E100691,S34249,Research Lab,2025-11-04T01:43:28.037Z,11:00-15:00,Atrocitas super adficio volup caelum atqui illum sufficio beatus canonicus.,cancelled,2025-09-26T10:12:04.789Z
LAB_000334,E100036,S86612,Physics Lab,2025-11-29T13:48:33.951Z,14:00-11:00,Vis culpo tardus veritatis perspiciatis odit quisquam vulariter verumtamen tutis.,cancelled,2025-10-15T10:13:05.679Z
LAB_000335,E100383,S91364,Physics Lab,2025-11-12T16:32:34.782Z,9:00-17:00,Cetera truculenter stella aggredior aspernatur contra utor creo cauda aequitas.,cancelled,2025-10-07T23:28:59.085Z
LAB_000336,E100342,S40989,Biology Lab,2025-11-02T10:09:00.840Z,9:00-12:00,Denuncio perspiciatis tumultus arbor conturbo thalassinus aqua celo molestiae.,confirmed,2025-10-01T03:06:44.821Z
LAB_000337,E100041,S81817,Computer Lab 2,2025-12-21T12:44:53.562Z,9:00-17:00,Creber sonitus aliqua tabella umquam vitium alter.,pending,2025-09-29T21:20:35.284Z
LAB_000338,E100352,S79841,Mechanical Workshop,2025-11-11T02:07:52.836Z,14:00-18:00,Ipsam villa conqueror quo rerum bellicus approbo barba pectus admoneo.,cancelled,2025-10-03T13:40:06.557Z
LAB_000339,E100585,S85072,Chemistry Lab,2025-11-02T19:21:45.465Z,16:00-16:00,Amplexus eos claustrum.,pending,2025-09-26T10:55:16.135Z
LAB_000340,E100140,S81331,Research Lab,2025-11-13T13:23:59.614Z,14:00-18:00,Rem decimus admoveo thalassinus aequus sustineo umquam absens ullam.,confirmed,2025-10-18T12:21:46.343Z
LAB_000341,E100408,S23788,Biology Lab,2025-12-06T07:33:39.637Z,17:00-16:00,Cumque sursum claudeo repellat ab capto ipsam praesentium.,confirmed,2025-10-23T22:00:50.768Z
LAB_000342,E100156,S43004,Research Lab,2026-01-02T06:33:17.035Z,13:00-15:00,Quos chirographum desolo comprehendo.,pending,2025-10-19T00:01:35.997Z
LAB_000343,E100299,S28531,Research Lab,2025-11-11T22:11:55.992Z,16:00-10:00,Solutio congregatio dedecor atrocitas adhuc corroboro teres.,cancelled,2025-09-19T04:36:43.439Z
LAB_000344,E100129,S79719,Electronics Lab,2025-10-30T21:05:33.785Z,16:00-18:00,Nihil coaegresco aequitas.,pending,2025-09-27T20:41:05.046Z
LAB_000345,E100035,S29542,Research Lab,2025-11-04T00:59:56.006Z,10:00-16:00,Accusantium celer abscido utroque compono architecto angustus soleo vindico.,pending,2025-10-08T01:20:45.114Z
LAB_000346,E100561,S86531,Chemistry Lab,2025-12-31T22:59:51.075Z,17:00-15:00,Succedo porro denego correptius quidem barba.,confirmed,2025-09-29T15:17:26.825Z
LAB_000347,E100450,S11714,Chemistry Lab,2025-12-19T05:13:35.275Z,9:00-16:00,Decretum conitor congregatio.,cancelled,2025-10-02T22:46:27.768Z
LAB_000348,E100125,S94172,Computer Lab 2,2025-12-13T10:52:40.102Z,17:00-15:00,Tabula adicio cibo tergo.,confirmed,2025-10-14T15:38:46.300Z
LAB_000349,E100441,S10674,Biology Lab,2025-11-09T12:52:35.681Z,17:00-14:00,Caries civis spoliatio sumptus veniam.,pending,2025-10-03T21:53:08.789Z
LAB_000350,E100028,S77947,Physics Lab,2025-12-20T23:51:04.050Z,17:00-11:00,Curis callide conduco defero.,confirmed,2025-10-24T18:12:14.951Z
LAB_000351,E100173,S82443,Biology Lab,2025-11-30T14:17:03.465Z,13:00-17:00,Umbra valde vulgo tergo patria deleo theologus tamdiu.,pending,2025-10-07T08:43:46.298Z
LAB_000352,E100642,S28995,Research Lab,2025-12-27T00:20:09.563Z,16:00-16:00,Cultellus summisse velum provident deprecator sollicito amet dolorem ipsam umquam.,pending,2025-09-23T00:16:39.649Z
LAB_000353,E100060,S66244,Mechanical Workshop,2025-11-26T08:06:21.729Z,9:00-14:00,Vomito statua teres denego benevolentia corrigo velociter claustrum dignissimos.,cancelled,2025-10-05T18:55:53.044Z
LAB_000354,E100551,S73334,Biology Lab,2025-11-24T10:20:28.126Z,13:00-13:00,Centum quis voluptatum dolores ceno damnatio aro.,cancelled,2025-10-07T16:09:09.491Z
LAB_000355,E100722,S37178,Electronics Lab,2025-11-18T05:12:17.835Z,16:00-11:00,Cicuta sodalitas corrupti sono absconditus voco trepide calco volva.,confirmed,2025-09-25T00:35:49.188Z
LAB_000356,E100077,S39169,Computer Lab 2,2025-12-08T10:08:06.888Z,10:00-13:00,Circumvenio officiis utpote adversus nihil.,confirmed,2025-09-26T20:26:53.073Z
LAB_000357,E100763,S99134,Physics Lab,2025-11-05T08:38:49.689Z,11:00-12:00,Color utrimque tego patior talus copia cras.,pending,2025-10-06T23:21:16.242Z
LAB_000358,E100049,S99530,Electronics Lab,2025-12-28T03:55:17.064Z,9:00-14:00,Rerum clarus doloremque color aspicio conitor.,confirmed,2025-10-15T21:57:27.636Z
LAB_000359,E100552,S57212,Computer Lab 1,2025-11-05T20:39:34.351Z,16:00-10:00,Compello concido casus timor nulla recusandae odio.,cancelled,2025-10-17T23:33:56.169Z
LAB_000360,E100637,S90689,Computer Lab 2,2025-12-08T20:59:14.192Z,12:00-17:00,Claustrum velum molestias.,pending,2025-10-07T06:44:16.347Z
LAB_000361,E100030,S73336,Research Lab,2025-11-17T16:51:59.243Z,16:00-15:00,Utrimque corrupti crapula peior caterva eaque tumultus vesper deleo.,confirmed,2025-10-09T04:15:41.202Z
LAB_000362,E100384,S11022,Biology Lab,2026-01-01T00:46:53.193Z,9:00-10:00,Via confido aperte.,confirmed,2025-09-30T00:42:28.604Z
LAB_000363,E100184,S60274,Computer Lab 1,2025-11-19T07:50:38.553Z,11:00-10:00,Saepe approbo ab non.,pending,2025-09-26T19:06:45.294Z
LAB_000364,E100280,S24111,Biology Lab,2025-11-13T06:10:50.468Z,9:00-16:00,Pecto comes clementia aut soleo adeptio.,cancelled,2025-10-02T19:39:37.208Z
LAB_000365,E100108,S55710,Computer Lab 2,2025-12-17T08:38:10.596Z,13:00-14:00,Patria solum apparatus censura textilis doloribus damno usitas.,pending,2025-09-24T20:19:16.241Z
LAB_000366,E100088,S81592,Computer Lab 1,2025-12-20T11:15:18.891Z,17:00-14:00,Adimpleo animi uter undique adficio cado chirographum umerus dapifer.,confirmed,2025-09-21T22:36:12.353Z
LAB_000367,E100687,S48509,Mechanical Workshop,2025-12-24T08:44:56.588Z,10:00-17:00,Dens virgo substantia desidero vehemens conicio cultura.,confirmed,2025-09-22T08:21:15.650Z
LAB_000368,E100182,S90591,Biology Lab,2025-10-31T03:20:18.276Z,13:00-15:00,Aliquid cetera cursim comitatus degenero.,cancelled,2025-09-26T05:47:54.256Z
LAB_000369,E100385,S64338,Research Lab,2025-11-21T07:32:01.932Z,15:00-18:00,Desidero curis spiritus spiculum uredo tergo.,confirmed,2025-10-14T12:27:27.261Z
LAB_000370,E100455,S69630,Research Lab,2025-12-16T01:57:06.266Z,11:00-14:00,Benigne copia cunae tamdiu sodalitas.,confirmed,2025-10-13T20:19:01.973Z
LAB_000371,E100048,S46925,Biology Lab,2025-12-11T15:22:58.533Z,16:00-10:00,Nobis voluptatibus cruentus avaritia vero.,pending,2025-10-12T16:55:49.540Z
LAB_000372,E100537,S41578,Physics Lab,2025-11-23T16:09:41.254Z,12:00-14:00,Succedo quasi degusto careo maxime agnitio.,pending,2025-09-27T01:43:49.445Z
LAB_000373,E100703,S91030,Chemistry Lab,2025-12-26T03:30:52.307Z,15:00-18:00,Exercitationem fuga amaritudo reprehenderit caelum tardus.,pending,2025-09-28T06:31:44.777Z
LAB_000374,E100404,S32802,Chemistry Lab,2025-10-26T09:29:07.345Z,16:00-13:00,Denique quidem minus amor tabula doloremque vito deprecator.,confirmed,2025-10-22T19:53:36.442Z
LAB_000375,E100024,S68317,Research Lab,2025-12-02T01:22:39.002Z,16:00-10:00,Cado decerno vis triduana earum damno.,pending,2025-10-22T07:06:30.806Z
LAB_000376,E100234,S95904,Mechanical Workshop,2025-12-20T22:57:19.546Z,12:00-18:00,Tristis patior surculus creptio soluta color demitto solitudo somnus.,confirmed,2025-10-24T14:39:32.908Z
LAB_000377,E100563,S52234,Computer Lab 2,2025-10-29T15:00:50.514Z,11:00-17:00,Paulatim coruscus compello tutamen cornu bellum.,cancelled,2025-09-26T09:27:44.179Z
LAB_000378,E100283,S19189,Computer Lab 1,2025-12-16T18:23:13.152Z,11:00-16:00,Aggero aranea vero clamo aeger vestrum.,confirmed,2025-09-29T05:20:40.900Z
LAB_000379,E100562,S73054,Electronics Lab,2025-12-19T16:59:48.129Z,12:00-18:00,Caste ambulo color balbus.,cancelled,2025-09-30T06:44:40.346Z
LAB_000380,E100354,S35304,Mechanical Workshop,2026-01-01T11:38:36.128Z,12:00-17:00,Canis cresco repellat vere ara patior comitatus admoneo cupio.,confirmed,2025-09-25T14:02:15.614Z
LAB_000381,E100513,S56381,Computer Lab 1,2025-12-13T20:56:19.021Z,10:00-12:00,Voluptates sumptus angelus ambulo auctus.,cancelled,2025-10-06T19:18:56.464Z
LAB_000382,E100564,S84141,Chemistry Lab,2025-12-04T09:24:24.562Z,10:00-17:00,Veniam voluptas vobis chirographum aduro beatae cornu copiose audentia adfero.,pending,2025-10-20T15:48:11.052Z
LAB_000383,E100262,S15543,Electronics Lab,2025-10-25T21:54:17.489Z,14:00-12:00,Accommodo absconditus repellendus tergo arcus magni.,cancelled,2025-10-19T09:48:21.386Z
LAB_000384,E100231,S90127,Biology Lab,2025-11-02T09:11:06.312Z,10:00-16:00,Sub valens clarus triduana ubi tantillus crebro vita.,pending,2025-10-11T06:33:54.972Z
LAB_000385,E100203,S66866,Computer Lab 1,2025-11-26T02:22:39.158Z,17:00-17:00,Admiratio censura tergeo utor aliquid causa spectaculum.,cancelled,2025-10-07T05:51:28.533Z
LAB_000386,E100682,S57159,Research Lab,2026-01-05T11:54:54.221Z,13:00-16:00,Vespillo tenus abbas agnitio arbustum nihil rem similique curvo.,cancelled,2025-09-25T15:09:11.609Z
LAB_000387,E100051,S47889,Electronics Lab,2025-12-18T06:03:34.571Z,10:00-12:00,Utique adflicto arx ascit vociferor video decipio communis aranea.,pending,2025-09-24T14:22:12.597Z
LAB_000388,E100243,S81718,Biology Lab,2026-01-03T14:37:00.368Z,10:00-11:00,Crustulum virga vulpes.,pending,2025-10-16T09:35:37.933Z
LAB_000389,E100676,S58352,Computer Lab 1,2025-11-07T01:05:25.526Z,17:00-12:00,Delego ex averto cicuta tolero nam adfero pecto acer.,pending,2025-10-19T13:47:38.827Z
LAB_000390,E100676,S58352,Electronics Lab,2025-11-03T02:09:15.465Z,17:00-13:00,Natus veritatis collum cibus auctus caelestis amaritudo thesis confido.,pending,2025-09-19T21:54:56.056Z
LAB_000391,E100617,S39059,Computer Lab 2,2026-01-05T10:45:57.767Z,17:00-14:00,Volutabrum repellat adfectus valens.,confirmed,2025-10-21T17:07:15.614Z
LAB_000392,E100278,S74406,Physics Lab,2025-12-20T19:49:58.116Z,13:00-12:00,Curia delectatio textilis vomito strues copia adficio bellum.,cancelled,2025-09-30T17:47:39.723Z
LAB_000393,E100015,S27535,Research Lab,2025-12-21T11:00:24.235Z,11:00-13:00,Subnecto eveniet tergo atrox tametsi arguo stella tepidus.,confirmed,2025-10-07T13:54:21.480Z
LAB_000394,E100473,S43893,Computer Lab 2,2025-12-29T05:52:24.378Z,11:00-18:00,Libero talio utor paens absconditus dicta urbanus ustilo coniecto suppellex.,confirmed,2025-09-26T20:46:40.694Z
LAB_000395,E100548,S39703,Computer Lab 1,2025-12-21T16:40:23.033Z,16:00-14:00,Degero tantum trado cibus adulatio congregatio uter.,confirmed,2025-10-06T22:16:37.329Z
LAB_000396,E100698,S64729,Chemistry Lab,2025-11-03T02:09:09.839Z,13:00-16:00,Delinquo astrum degenero terra alo.,cancelled,2025-10-25T13:12:22.041Z
LAB_000397,E100465,S71801,Electronics Lab,2025-11-28T05:10:18.554Z,16:00-13:00,Vespillo et autus tui.,confirmed,2025-09-24T13:44:45.617Z
LAB_000398,E100390,S75835,Electronics Lab,2026-01-02T22:44:59.219Z,15:00-16:00,Ipsum atavus coma demum.,cancelled,2025-10-12T07:56:07.905Z
LAB_000399,E100208,S37044,Biology Lab,2025-11-27T13:43:59.241Z,14:00-10:00,Titulus curto conicio talio curo solio repudiandae fuga.,pending,2025-09-26T03:03:16.760Z
LAB_000400,E100526,S89267,Research Lab,2025-12-03T12:34:58.802Z,13:00-12:00,Arcesso animadverto tabella una despecto cui.,confirmed,2025-10-03T16:07:49.122Z
LAB_000401,E100335,S95266,Electronics Lab,2025-11-23T17:19:42.636Z,14:00-12:00,Curvo tabernus corpus vel error pauci.,cancelled,2025-10-11T16:09:45.323Z
LAB_000402,E100205,S36064,Computer Lab 1,2026-01-05T07:17:56.941Z,12:00-12:00,Quibusdam utroque cursim deludo casso comparo adsidue calamitas conatus.,confirmed,2025-10-09T03:21:30.388Z
LAB_000403,E100632,S31459,Biology Lab,2025-11-28T23:56:10.053Z,16:00-15:00,Capto consequatur toties utor sperno acquiro explicabo.,pending,2025-10-08T21:59:55.244Z
LAB_000404,E100596,S23844,Physics Lab,2025-10-25T20:40:14.293Z,12:00-17:00,Cunae vinculum vito totam vinitor vesco sophismata ver.,pending,2025-09-21T19:36:20.853Z
LAB_000405,E100474,S16304,Computer Lab 1,2025-11-10T08:09:16.220Z,13:00-16:00,Trucido terebro cum sint coma temporibus abbas thermae.,pending,2025-09-26T22:21:32.741Z
LAB_000406,E100546,S61067,Mechanical Workshop,2025-11-05T19:03:17.132Z,13:00-15:00,Calcar beatae supra.,pending,2025-09-24T18:55:22.316Z
LAB_000407,E100207,S24103,Computer Lab 2,2026-01-01T12:19:46.017Z,11:00-12:00,Adaugeo eum complectus triumphus suppono attollo trepide studio.,cancelled,2025-10-02T11:52:27.204Z
LAB_000408,E100556,S49368,Biology Lab,2025-12-23T18:58:42.779Z,14:00-12:00,Acquiro dolores voco thalassinus.,pending,2025-10-10T23:49:58.269Z
LAB_000409,E100387,S69029,Physics Lab,2025-11-29T22:35:43.313Z,13:00-18:00,Ars succurro cenaculum vinco conqueror bonus.,cancelled,2025-09-25T08:43:33.624Z
LAB_000410,E100094,S72213,Electronics Lab,2025-12-31T21:26:12.688Z,14:00-14:00,Adhuc trado sodalitas trepide tandem.,cancelled,2025-10-23T11:50:15.508Z
LAB_000411,E100611,S64245,Mechanical Workshop,2025-11-23T17:49:11.223Z,14:00-16:00,Vilitas amissio capto solium placeat.,pending,2025-09-22T16:33:15.757Z
LAB_000412,E100312,S19627,Research Lab,2026-01-04T12:29:20.990Z,17:00-18:00,Terminatio communis sit repellat textus ancilla crustulum autem beatus.,pending,2025-09-22T01:30:05.899Z
LAB_000413,E100334,S85606,Biology Lab,2025-12-09T07:54:39.235Z,9:00-17:00,Vulticulus torrens repellat.,confirmed,2025-09-26T04:42:40.525Z
LAB_000414,E100729,S77428,Research Lab,2025-11-26T08:20:30.558Z,14:00-14:00,Spiritus nisi vulgaris vox.,pending,2025-10-02T19:18:11.529Z
LAB_000415,E100461,S94419,Mechanical Workshop,2025-11-23T04:58:47.690Z,12:00-17:00,Cupiditate tego tabella torqueo triumphus.,confirmed,2025-10-09T08:44:40.631Z
LAB_000416,E100718,S45230,Physics Lab,2025-12-18T00:42:28.483Z,13:00-16:00,Verus odio cresco uterque.,cancelled,2025-10-04T18:53:39.646Z
LAB_000417,E100139,S44122,Research Lab,2026-01-01T15:18:22.099Z,17:00-16:00,Vergo apto conspergo vilicus xiphias carcer.,pending,2025-10-20T22:55:24.474Z
LAB_000418,E100695,S96349,Computer Lab 2,2025-12-21T02:15:41.056Z,13:00-13:00,Consectetur campana demoror sit vereor vix vox cimentarius et.,cancelled,2025-10-13T11:46:08.067Z
LAB_000419,E100205,S36064,Research Lab,2026-01-04T08:22:55.259Z,11:00-11:00,Vergo cubicularis talus ex amo vinco cohibeo degusto.,cancelled,2025-09-19T10:01:42.615Z
LAB_000420,E100642,S28995,Computer Lab 1,2025-11-12T16:57:55.808Z,12:00-13:00,Paens cupio ademptio derelinquo omnis vallum arbor tardus.,pending,2025-10-02T13:09:55.513Z
LAB_000421,E100289,S49775,Research Lab,2025-12-18T13:47:54.939Z,16:00-16:00,Voluptas accusamus tergo.,pending,2025-10-06T08:26:10.590Z
LAB_000422,E100368,S41981,Electronics Lab,2025-12-10T22:39:43.700Z,17:00-11:00,Caecus ustilo utor aspernatur clibanus delectatio.,pending,2025-10-07T04:58:48.537Z
LAB_000423,E100737,S51801,Computer Lab 2,2025-12-06T19:22:12.478Z,9:00-17:00,Viscus benigne cumque cum pel vulticulus.,cancelled,2025-10-08T16:52:24.414Z
LAB_000424,E100158,S70260,Electronics Lab,2025-10-27T20:34:41.939Z,13:00-16:00,Utpote voluptatum usque deripio deduco vita vacuus adsuesco urbanus infit.,confirmed,2025-10-06T05:23:51.439Z
LAB_000425,E100427,S84031,Computer Lab 2,2025-12-07T13:40:37.566Z,14:00-11:00,Utroque aqua vicinus culpo tabula sulum tenuis.,cancelled,2025-10-05T08:36:14.460Z
LAB_000426,E100491,S88057,Physics Lab,2025-12-07T06:50:47.641Z,9:00-18:00,Theologus tollo tamquam depereo vorago auctor demitto.,confirmed,2025-10-23T05:56:19.393Z
LAB_000427,E100668,S16001,Computer Lab 2,2025-11-05T09:55:58.905Z,14:00-17:00,Quam vita victus arbustum tabella curia.,cancelled,2025-10-13T18:05:16.106Z
LAB_000428,E100063,S33575,Biology Lab,2025-11-24T00:30:31.001Z,17:00-11:00,Defetiscor capio verumtamen deprecator dignissimos.,confirmed,2025-10-07T03:58:07.286Z
LAB_000429,E100552,S57212,Mechanical Workshop,2025-12-23T20:22:35.586Z,17:00-11:00,Succedo crudelis minus arguo cena celer distinctio succedo volutabrum.,cancelled,2025-09-22T18:34:08.015Z
LAB_000430,E100401,S56998,Electronics Lab,2025-10-27T04:29:22.711Z,11:00-14:00,Tabella totus cogito bestia cornu hic.,confirmed,2025-10-23T00:29:00.873Z
LAB_000431,E100513,S56381,Chemistry Lab,2025-12-08T12:17:51.804Z,12:00-17:00,Aufero confugo appositus contego sumptus surgo.,cancelled,2025-10-19T16:36:13.423Z
LAB_000432,E100602,S40859,Biology Lab,2025-12-20T19:40:53.467Z,11:00-14:00,Dolor adhaero acerbitas triumphus verto victoria toties cernuus desino.,pending,2025-09-20T12:21:22.875Z
LAB_000433,E100163,S10612,Computer Lab 1,2025-11-26T09:00:47.703Z,17:00-11:00,Congregatio eveniet tricesimus cui aiunt iure vapulus.,pending,2025-10-16T06:57:55.686Z
LAB_000434,E100006,S15877,Computer Lab 2,2025-12-14T16:15:57.078Z,11:00-17:00,Sophismata desino crapula.,cancelled,2025-10-20T17:54:54.232Z
LAB_000435,E100007,S17760,Physics Lab,2026-01-06T07:38:45.928Z,13:00-17:00,Alter tenus confugo tabula torqueo absque tamdiu adsidue canonicus.,pending,2025-10-08T16:09:24.370Z
LAB_000436,E100549,S62979,Mechanical Workshop,2025-12-17T06:52:19.453Z,10:00-17:00,Curto conicio occaecati argumentum aer audentia ipsam benigne.,cancelled,2025-10-04T20:26:52.759Z
LAB_000437,E100657,S10688,Physics Lab,2025-11-28T03:04:18.356Z,14:00-14:00,Virga crux uter vos stillicidium.,pending,2025-10-18T20:26:23.772Z
LAB_000438,E100090,S97401,Chemistry Lab,2025-12-22T23:48:44.179Z,17:00-13:00,Amor vinco ademptio valetudo claudeo.,cancelled,2025-10-14T14:28:46.422Z
LAB_000439,E100467,S72579,Computer Lab 1,2025-12-12T19:10:49.688Z,13:00-14:00,Ustulo degenero contigo omnis ciminatio cur audio adflicto.,pending,2025-10-09T21:31:53.325Z
LAB_000440,E100493,S11541,Biology Lab,2025-12-12T00:27:17.428Z,13:00-18:00,Occaecati deputo cervus suggero coniecto adsum ater currus vetus.,cancelled,2025-10-05T16:39:58.777Z
LAB_000441,E100010,S37317,Research Lab,2025-10-26T21:59:55.618Z,15:00-17:00,Spargo consequatur civis aestus demens tertius.,confirmed,2025-10-03T17:23:07.305Z
LAB_000442,E100079,S59776,Computer Lab 2,2025-10-27T03:22:35.386Z,16:00-16:00,Saepe deleo tamquam tandem venustas triumphus tabgo.,pending,2025-09-25T21:36:29.480Z
LAB_000443,E100292,S95191,Biology Lab,2025-10-29T00:07:41.601Z,9:00-18:00,Sonitus abeo et studio verto calco cubicularis temeritas.,confirmed,2025-09-25T01:06:02.283Z
LAB_000444,E100611,S64245,Research Lab,2025-11-12T04:38:10.396Z,11:00-18:00,Creta quasi concido sapiente coepi cohibeo deorsum.,cancelled,2025-10-20T15:16:29.327Z
LAB_000445,E100003,S33284,Electronics Lab,2025-12-26T00:29:40.465Z,17:00-10:00,Certe suffragium asperiores valetudo cogo conqueror.,confirmed,2025-09-21T20:02:28.922Z
LAB_000446,E100692,S57555,Mechanical Workshop,2025-11-12T23:41:25.351Z,15:00-11:00,Veritatis aperio temporibus similique vitium infit stultus dapifer.,pending,2025-10-05T22:27:26.600Z
LAB_000447,E100383,S91364,Biology Lab,2025-11-02T10:10:43.916Z,13:00-11:00,Speculum benigne soluta omnis ciminatio victus expedita cornu.,cancelled,2025-09-25T22:25:16.893Z
LAB_000448,E100540,S72466,Biology Lab,2025-12-04T16:08:32.267Z,14:00-15:00,Hic decretum bonus vacuus corona subnecto curso audax vinco canonicus.,confirmed,2025-10-10T20:52:37.710Z
LAB_000449,E100037,S18925,Research Lab,2025-11-23T09:27:31.527Z,16:00-16:00,Defleo ciminatio verecundia baiulus quibusdam ceno ustilo crepusculum cauda.,pending,2025-10-10T22:09:02.614Z
LAB_000450,E100026,S51200,Computer Lab 2,2025-12-21T17:01:55.690Z,17:00-12:00,Id desolo amplus sortitus angustus.,pending,2025-10-01T16:04:46.654Z
LAB_000451,E100243,S81718,Physics Lab,2025-11-24T08:10:03.896Z,13:00-18:00,Tristis sunt utrum addo viriliter templum harum hic victus carmen.,cancelled,2025-10-16T18:35:25.059Z
LAB_000452,E100097,S29042,Research Lab,2025-12-05T06:58:54.429Z,10:00-15:00,Curatio turbo sint soleo.,confirmed,2025-09-28T21:56:15.383Z
LAB_000453,E100578,S75853,Chemistry Lab,2025-11-25T18:15:21.889Z,11:00-12:00,Aggero turbo tabella attonbitus.,pending,2025-10-20T21:01:43.122Z
LAB_000454,E100092,S17296,Research Lab,2025-12-18T00:44:11.050Z,11:00-10:00,Callide tabgo tabesco thermae cattus.,cancelled,2025-10-05T00:01:35.379Z
LAB_000455,E100190,S50779,Electronics Lab,2025-11-30T12:01:02.740Z,13:00-11:00,Astrum talio stabilis allatus taceo.,cancelled,2025-10-02T15:27:37.440Z
LAB_000456,E100326,S92556,Mechanical Workshop,2025-11-30T01:12:20.051Z,10:00-13:00,Conforto voluptatibus creber civitas demitto texo tactus expedita.,pending,2025-10-11T01:21:28.914Z
LAB_000457,E100488,S63076,Computer Lab 2,2025-11-16T12:28:01.743Z,16:00-10:00,Tabernus cultellus acerbitas degero tricesimus bellicus ustulo.,pending,2025-10-02T00:09:07.465Z
LAB_000458,E100385,S64338,Computer Lab 2,2025-10-28T20:00:40.422Z,13:00-14:00,Adversus uxor vir.,confirmed,2025-10-20T17:51:49.165Z
LAB_000459,E100212,S28973,Physics Lab,2025-11-12T06:14:06.359Z,9:00-15:00,Certe theatrum quam demoror decumbo corporis eos fugiat utrum.,cancelled,2025-10-21T17:13:19.761Z
LAB_000460,E100551,S73334,Computer Lab 2,2025-11-20T14:55:46.475Z,16:00-14:00,Sed neque eveniet verbum utrum pecco vix facilis sopor aliquam.,cancelled,2025-10-14T15:12:57.827Z
LAB_000461,E100401,S56998,Computer Lab 1,2025-12-09T20:30:40.505Z,12:00-13:00,Deinde verbum cubo audax adimpleo tabella exercitationem ultra ancilla decet.,cancelled,2025-10-17T16:07:01.217Z
LAB_000462,E100619,S86600,Research Lab,2025-11-02T11:09:20.420Z,15:00-16:00,Cunae color peccatus decerno quo.,cancelled,2025-10-04T14:55:34.286Z
LAB_000463,E100176,S91406,Chemistry Lab,2025-11-29T07:45:46.381Z,11:00-10:00,Supra cotidie commodi apud.,pending,2025-10-14T18:07:10.429Z
LAB_000464,E100494,S54068,Computer Lab 2,2025-12-07T05:57:14.663Z,13:00-11:00,Sumo absum tego somnus apto absum.,confirmed,2025-10-24T00:26:53.437Z
LAB_000465,E100304,S26082,Computer Lab 2,2025-12-13T03:02:41.969Z,12:00-13:00,Ver sollicito defungo depulso.,pending,2025-09-27T14:10:38.840Z
LAB_000466,E100722,S37178,Research Lab,2025-12-24T04:14:57.526Z,11:00-11:00,Argentum quod veniam.,confirmed,2025-09-26T18:39:08.096Z
LAB_000467,E100050,S12594,Computer Lab 2,2025-11-09T00:50:11.505Z,14:00-10:00,Tabesco vitae concedo vulticulus.,pending,2025-10-15T08:02:19.230Z
LAB_000468,E100008,S89600,Chemistry Lab,2025-12-20T22:27:07.062Z,10:00-11:00,Deleo ascit usque.,cancelled,2025-10-18T15:11:58.545Z
LAB_000469,E100196,S37994,Research Lab,2025-11-22T08:45:12.517Z,16:00-17:00,Depulso ipsum condico.,cancelled,2025-09-20T19:11:55.802Z
LAB_000470,E100303,S18017,Chemistry Lab,2026-01-05T01:23:46.564Z,10:00-17:00,Surculus appono tergiversatio usque patria trucido debeo asperiores argentum cognatus.,cancelled,2025-10-16T21:22:19.063Z
LAB_000471,E100600,S96934,Electronics Lab,2025-11-13T17:34:06.070Z,12:00-17:00,Deserunt et denego.,pending,2025-10-16T03:23:17.380Z
LAB_000472,E100703,S91030,Computer Lab 2,2025-11-01T19:22:50.572Z,16:00-13:00,Auxilium teres claustrum delego acies.,confirmed,2025-09-26T20:24:19.892Z
LAB_000473,E100403,S91049,Chemistry Lab,2025-11-13T13:19:04.353Z,11:00-14:00,Arcus vox crustulum convoco theatrum totus.,pending,2025-10-24T15:02:15.837Z
LAB_000474,E100382,S67437,Chemistry Lab,2025-12-17T08:00:01.677Z,9:00-18:00,Dolorum volubilis voro patior benigne damno arceo quam.,confirmed,2025-10-20T18:25:47.613Z
LAB_000475,E100280,S24111,Chemistry Lab,2026-01-01T10:43:00.740Z,11:00-18:00,Autem libero expedita talis.,pending,2025-10-02T21:08:10.953Z
LAB_000476,E100194,S62915,Biology Lab,2025-11-16T23:24:57.978Z,14:00-14:00,Adulescens currus vulnus ventus beatus.,cancelled,2025-10-12T06:22:35.492Z
LAB_000477,E100173,S82443,Mechanical Workshop,2025-11-30T22:05:33.838Z,13:00-11:00,Civitas commodo tenuis perferendis substantia.,cancelled,2025-10-16T01:08:58.135Z
LAB_000478,E100759,S99733,Mechanical Workshop,2025-12-10T02:25:01.730Z,17:00-16:00,Advenio uberrime calculus stillicidium arto confugo bene ad.,pending,2025-09-21T16:36:16.562Z
LAB_000479,E100290,S23300,Research Lab,2025-11-05T01:43:16.854Z,13:00-16:00,Laborum ascit stabilis amaritudo ambitus curto.,confirmed,2025-09-23T11:59:21.001Z
LAB_000480,E100542,S74051,Computer Lab 1,2025-10-30T01:00:59.021Z,16:00-12:00,Aggredior comprehendo iste.,cancelled,2025-09-28T05:57:05.152Z
LAB_000481,E100499,S35056,Chemistry Lab,2025-12-25T01:05:13.979Z,14:00-16:00,Totidem tumultus bellum communis pectus bellum adipiscor coniuratio.,pending,2025-10-02T12:04:45.055Z
LAB_000482,E100266,S95084,Computer Lab 1,2025-10-29T14:12:32.588Z,12:00-10:00,Desipio atrocitas deserunt tunc denuncio.,confirmed,2025-10-03T22:10:49.844Z
LAB_000483,E100768,S97958,Research Lab,2025-12-27T08:19:07.283Z,9:00-15:00,Abundans armarium assumenda cernuus absque verus attonbitus natus abbas auctor.,pending,2025-10-18T11:22:41.556Z
LAB_000484,E100626,S44792,Computer Lab 1,2025-12-15T18:58:41.118Z,16:00-15:00,Dapifer traho audeo.,confirmed,2025-10-13T00:38:07.312Z
LAB_000485,E100474,S16304,Electronics Lab,2025-10-29T16:46:48.209Z,13:00-16:00,Virga cometes clarus quod.,pending,2025-10-22T17:56:15.442Z
LAB_000486,E100209,S73017,Physics Lab,2025-11-19T12:34:23.223Z,14:00-17:00,Tripudio ex talus turbo thorax aedificium conturbo.,confirmed,2025-10-01T20:58:09.259Z
LAB_000487,E100189,S97832,Computer Lab 1,2025-12-19T21:16:30.378Z,10:00-18:00,Dolores vulnero occaecati thymbra adiuvo vesco assentator animus.,pending,2025-10-04T02:08:24.382Z
LAB_000488,E100014,S27740,Physics Lab,2025-12-08T02:22:05.006Z,15:00-17:00,Considero varius depopulo.,cancelled,2025-09-29T14:15:06.959Z
LAB_000489,E100726,S36428,Biology Lab,2025-12-15T12:07:44.957Z,13:00-15:00,Appono adeo capio cerno acer timidus.,confirmed,2025-09-23T05:00:27.306Z
LAB_000490,E100103,S26163,Computer Lab 2,2026-01-03T07:24:44.013Z,14:00-15:00,Torqueo velum cibo aurum defero abutor.,confirmed,2025-09-24T01:59:12.332Z
LAB_000491,E100725,S40790,Computer Lab 2,2025-12-26T22:42:20.053Z,10:00-14:00,Pel truculenter nobis spargo bellum.,cancelled,2025-10-04T05:38:09.637Z
LAB_000492,E100728,S26354,Electronics Lab,2025-12-01T00:05:29.794Z,14:00-15:00,Cena aperio admoveo vulticulus terga tabernus aegrotatio tero super.,pending,2025-10-05T07:40:05.121Z
LAB_000493,E100707,S94370,Chemistry Lab,2025-12-09T19:47:25.847Z,9:00-17:00,Eos supplanto aspicio in.,cancelled,2025-10-01T21:59:50.691Z
LAB_000494,E100114,S58222,Electronics Lab,2025-11-01T14:20:39.503Z,12:00-17:00,Abscido cupressus tergum volva deputo.,pending,2025-10-20T08:17:33.604Z
LAB_000495,E100579,S67639,Computer Lab 2,2025-11-18T20:33:44.789Z,16:00-12:00,Aureus tenetur perferendis.,pending,2025-10-09T15:33:17.863Z
LAB_000496,E100352,S79841,Computer Lab 2,2026-01-01T07:41:44.424Z,12:00-17:00,Ab circumvenio atavus theatrum commemoro ullus vilicus clamo.,confirmed,2025-10-07T00:57:15.973Z
LAB_000497,E100192,S94860,Chemistry Lab,2025-11-05T15:04:40.421Z,15:00-17:00,Conor appello centum suppellex tego.,cancelled,2025-10-18T16:57:17.766Z
LAB_000498,E100629,S76926,Biology Lab,2025-11-19T11:23:23.075Z,12:00-13:00,Dolores eius demitto vomer aranea.,confirmed,2025-10-14T05:07:19.372Z
LAB_000499,E100563,S52234,Biology Lab,2025-11-21T13:45:53.326Z,9:00-11:00,Comptus assumenda vilicus absque.,pending,2025-10-20T16:21:48.289Z
LAB_000500,E100603,S45545,Mechanical Workshop,2025-12-31T03:41:20.661Z,10:00-14:00,Cernuus subvenio usus decerno sublime cibus contigo tot creta.,confirmed,2025-10-05T22:14:53.623Z
LAB_000501,E100423,S66865,Mechanical Workshop,2025-10-29T03:41:22.928Z,9:00-18:00,Ars patior utilis campana stipes itaque abstergo demo tempora.,confirmed,2025-10-09T14:06:08.182Z
LAB_000502,E100799,S84456,Computer Lab 1,2025-10-31T12:47:13.410Z,16:00-16:00,Curo speculum antea culpa voluptates aqua.,cancelled,2025-10-23T23:30:21.011Z
LAB_000503,E100260,S33064,Research Lab,2025-12-16T11:32:56.227Z,15:00-18:00,Vere communis quod coniecto tabernus.,confirmed,2025-10-21T02:22:53.886Z
LAB_000504,E100323,S69814,Chemistry Lab,2025-11-12T18:01:47.700Z,13:00-16:00,Aliquam cena abstergo decerno inflammatio adflicto.,confirmed,2025-10-22T07:24:06.317Z
LAB_000505,E100578,S75853,Chemistry Lab,2025-12-04T01:13:36.922Z,10:00-12:00,Conturbo pauci contigo sollicito.,pending,2025-10-11T15:38:21.077Z
LAB_000506,E100515,S77553,Mechanical Workshop,2025-12-15T03:52:27.244Z,12:00-10:00,Vomito teres ad amitto auctus summisse cauda decet recusandae.,cancelled,2025-10-06T07:41:55.751Z
LAB_000507,E100094,S72213,Electronics Lab,2025-10-26T01:01:44.216Z,12:00-16:00,Paulatim socius decretum natus soluta.,pending,2025-10-19T21:10:09.614Z
LAB_000508,E100255,S80055,Computer Lab 2,2025-11-12T08:27:07.418Z,13:00-17:00,Pauper ceno delego tener animi.,pending,2025-09-25T22:52:07.520Z
LAB_000509,E100032,S69422,Biology Lab,2025-11-13T04:36:40.463Z,9:00-15:00,Solitudo vado talio comedo caterva civis theca iste sublime.,confirmed,2025-10-21T10:54:15.981Z
LAB_000510,E100203,S66866,Mechanical Workshop,2025-12-22T03:51:36.201Z,14:00-18:00,Culpa virga alii tenus utrimque curvo audacia.,cancelled,2025-10-23T05:57:35.403Z
LAB_000511,E100701,S47168,Research Lab,2026-01-03T01:37:31.777Z,15:00-14:00,Vigilo sublime curso spero coerceo solum vinitor cauda.,cancelled,2025-09-27T05:16:21.086Z
LAB_000512,E100536,S98560,Computer Lab 1,2025-11-20T21:46:39.152Z,13:00-14:00,Substantia angulus crastinus absconditus sonitus altus tergiversatio velut tardus.,confirmed,2025-09-25T06:26:43.711Z
LAB_000513,E100143,S81526,Physics Lab,2025-11-20T01:34:44.366Z,13:00-14:00,Placeat ambulo volubilis benevolentia vindico.,confirmed,2025-10-21T09:26:56.549Z
LAB_000514,E100317,S24980,Electronics Lab,2026-01-06T12:26:19.153Z,9:00-16:00,Calamitas acerbitas demum.,pending,2025-10-24T19:12:54.902Z
LAB_000515,E100090,S97401,Computer Lab 2,2025-11-16T00:52:48.388Z,9:00-12:00,Adaugeo caute usitas tricesimus.,cancelled,2025-10-09T10:54:57.604Z
LAB_000516,E100077,S39169,Computer Lab 1,2025-12-02T19:48:46.204Z,15:00-17:00,Dolores fugiat denuo derelinquo.,cancelled,2025-10-05T14:02:15.788Z
LAB_000517,E100701,S47168,Biology Lab,2025-12-30T18:09:51.360Z,12:00-14:00,Velum odio omnis audax sonitus aperiam.,cancelled,2025-10-01T01:16:36.264Z
LAB_000518,E100643,S47771,Electronics Lab,2025-12-12T08:46:50.388Z,12:00-11:00,Caelum cumque cena carmen.,confirmed,2025-10-13T15:12:48.386Z
LAB_000519,E100330,S58946,Computer Lab 1,2025-12-15T14:58:52.706Z,16:00-17:00,Apparatus pecus aestus.,confirmed,2025-09-23T11:12:36.077Z
LAB_000520,E100673,S18096,Computer Lab 1,2025-10-27T15:48:32.061Z,14:00-11:00,Ante cursim stella acerbitas defessus omnis iste debeo adaugeo vulticulus.,cancelled,2025-10-21T03:31:34.760Z
LAB_000521,E100243,S81718,Research Lab,2025-12-11T08:51:09.230Z,15:00-17:00,Thesaurus amo cognatus decretum atavus aiunt placeat cinis.,confirmed,2025-10-18T18:13:46.933Z
LAB_000522,E100250,S78862,Mechanical Workshop,2025-11-03T17:26:44.648Z,16:00-13:00,Triumphus umquam deludo possimus sum somniculosus ab stipes quia tametsi.,confirmed,2025-10-17T10:32:54.751Z
LAB_000523,E100251,S89535,Electronics Lab,2025-11-17T01:53:04.792Z,16:00-11:00,Suus coruscus vis vado tantillus adsidue vigor.,confirmed,2025-09-25T06:04:39.854Z
LAB_000524,E100618,S71896,Electronics Lab,2025-12-21T04:18:54.396Z,17:00-10:00,Quo sulum labore tamdiu supellex.,pending,2025-10-06T05:55:10.322Z
LAB_000525,E100389,S90534,Chemistry Lab,2025-11-15T12:02:57.761Z,12:00-14:00,Adulatio blanditiis ter tertius.,pending,2025-10-19T06:31:44.932Z
LAB_000526,E100170,S24341,Computer Lab 1,2025-12-01T04:27:25.110Z,14:00-15:00,Vicinus acervus stipes curiositas decumbo celer acies.,confirmed,2025-09-27T12:37:29.987Z
LAB_000527,E100126,S92080,Electronics Lab,2025-10-29T14:19:56.097Z,13:00-10:00,Ubi baiulus vado synagoga creta pax dignissimos.,pending,2025-10-14T07:52:52.193Z
LAB_000528,E100561,S86531,Electronics Lab,2025-11-11T01:27:44.304Z,10:00-17:00,Alveus beneficium cogito deduco catena.,pending,2025-10-05T05:56:55.749Z
LAB_000529,E100127,S79998,Physics Lab,2025-11-13T22:39:17.158Z,12:00-11:00,Degenero argumentum trans altus explicabo.,pending,2025-10-02T18:22:20.659Z
LAB_000530,E100316,S62623,Mechanical Workshop,2025-11-17T07:06:36.521Z,17:00-12:00,Tres demo aperiam iste vitium bene voluptas sonitus coruscus nostrum.,pending,2025-09-30T01:44:15.889Z
LAB_000531,E100523,S91346,Computer Lab 2,2025-11-17T17:33:30.735Z,12:00-15:00,Videlicet perspiciatis turbo solum.,confirmed,2025-10-16T01:50:03.689Z
LAB_000532,E100526,S89267,Computer Lab 2,2025-12-11T23:53:10.250Z,15:00-16:00,Custodia usque acerbitas acidus solvo suasoria tero tempora audacia deludo.,pending,2025-10-12T16:58:20.096Z
LAB_000533,E100701,S47168,Electronics Lab,2025-11-27T21:02:09.189Z,15:00-10:00,Odio commodo facilis concido qui debeo cogito.,cancelled,2025-10-19T05:45:54.829Z
LAB_000534,E100465,S71801,Mechanical Workshop,2025-11-23T17:55:17.975Z,10:00-11:00,Civis vel valeo quae utique.,confirmed,2025-10-21T13:01:04.852Z
LAB_000535,E100018,S14430,Chemistry Lab,2025-12-21T22:26:33.218Z,17:00-14:00,Subiungo aegrus curso patior tantillus termes.,pending,2025-10-04T21:10:35.580Z
LAB_000536,E100038,S67646,Biology Lab,2025-12-29T17:16:51.132Z,9:00-17:00,Synagoga clam advoco turbo denego acidus.,pending,2025-09-28T02:41:29.263Z
LAB_000537,E100409,S28855,Research Lab,2026-01-02T21:44:22.736Z,9:00-16:00,Tredecim nostrum vinco ventosus vaco civitas.,pending,2025-10-18T19:35:56.520Z
LAB_000538,E100283,S19189,Chemistry Lab,2025-12-10T01:22:43.921Z,15:00-10:00,Quod aeternus aegre virtus capillus adiuvo ea crepusculum aedificium.,cancelled,2025-10-13T19:24:18.362Z
LAB_000539,E100020,S66203,Research Lab,2025-12-29T17:35:02.694Z,14:00-10:00,Tametsi adflicto stultus urbs paulatim sufficio.,pending,2025-09-27T19:03:26.694Z
LAB_000540,E100675,S92629,Chemistry Lab,2025-12-06T15:31:46.454Z,10:00-17:00,Agnitio nobis derideo angelus at.,confirmed,2025-10-04T14:58:54.094Z
LAB_000541,E100371,S21118,Physics Lab,2025-12-17T12:13:02.370Z,12:00-15:00,Timidus uredo causa uberrime spiritus canis arcesso.,pending,2025-10-09T22:15:34.186Z
LAB_000542,E100233,S37036,Biology Lab,2025-11-18T21:26:41.817Z,16:00-14:00,Color succurro ducimus tabesco cibus stultus.,pending,2025-10-09T16:00:58.674Z
LAB_000543,E100279,S90826,Electronics Lab,2025-12-30T20:05:53.430Z,11:00-16:00,Denique patior deporto aequitas carpo benevolentia antea.,cancelled,2025-10-11T23:13:53.791Z
LAB_000544,E100756,S14881,Electronics Lab,2025-11-13T23:33:14.487Z,14:00-12:00,Statua exercitationem tabesco.,pending,2025-09-26T12:59:42.755Z
LAB_000545,E100421,S80439,Mechanical Workshop,2025-11-13T17:26:41.901Z,14:00-17:00,Unde delicate valetudo cotidie odio amissio.,confirmed,2025-10-14T01:18:10.058Z
LAB_000546,E100258,S37468,Computer Lab 1,2025-12-19T19:51:53.088Z,17:00-16:00,Turba earum audax vesper.,pending,2025-10-06T06:20:09.792Z
LAB_000547,E100360,S48656,Mechanical Workshop,2025-10-28T17:07:17.667Z,15:00-17:00,Decretum correptius vulticulus odio umbra porro paulatim quis una.,pending,2025-10-15T17:50:20.993Z
LAB_000548,E100092,S17296,Computer Lab 2,2026-01-02T20:43:08.839Z,13:00-13:00,Demulceo derelinquo cognatus demulceo beneficium stultus decens caute tergiversatio stella.,confirmed,2025-10-23T07:41:20.635Z
LAB_000549,E100302,S60175,Research Lab,2025-10-25T23:07:55.137Z,16:00-14:00,Victoria adulatio catena subnecto.,confirmed,2025-10-18T21:50:01.909Z
LAB_000550,E100350,S39169,Mechanical Workshop,2025-12-27T02:34:31.057Z,17:00-18:00,Templum speciosus ab.,confirmed,2025-09-26T16:53:42.657Z
LAB_000551,E100523,S91346,Electronics Lab,2025-11-09T20:54:56.275Z,9:00-12:00,Exercitationem amissio ventito clamo despecto.,cancelled,2025-09-27T02:57:24.991Z
LAB_000552,E100322,S65831,Chemistry Lab,2025-12-25T19:18:59.699Z,14:00-11:00,Molestiae suadeo cogito tactus.,cancelled,2025-09-26T13:20:23.652Z
LAB_000553,E100725,S40790,Mechanical Workshop,2025-11-05T01:30:01.202Z,11:00-13:00,Totam ubi consequatur bis utrum demulceo voluptate sollers.,cancelled,2025-10-05T04:20:32.216Z
LAB_000554,E100709,S48231,Electronics Lab,2025-11-17T20:46:32.478Z,12:00-17:00,Statim corona decumbo bellicus triumphus canis pax.,confirmed,2025-10-12T08:25:17.851Z
LAB_000555,E100754,S92698,Chemistry Lab,2025-10-26T06:37:21.118Z,16:00-11:00,Constans repudiandae pauci trepide.,pending,2025-10-18T18:47:31.356Z
LAB_000556,E100153,S19527,Research Lab,2025-11-24T03:24:21.978Z,9:00-17:00,Quisquam ascit ulterius bardus eum nemo tersus a tero.,confirmed,2025-10-21T19:06:43.885Z
LAB_000557,E100572,S53205,Electronics Lab,2025-12-18T09:33:12.870Z,14:00-12:00,Communis taceo synagoga adeo ut.,confirmed,2025-10-16T08:46:52.884Z
LAB_000558,E100061,S27357,Electronics Lab,2025-12-10T11:34:18.206Z,16:00-11:00,Appono repellat quaerat verumtamen speciosus deorsum.,cancelled,2025-10-03T20:04:15.226Z
LAB_000559,E100548,S39703,Computer Lab 2,2025-12-08T09:44:27.608Z,11:00-13:00,Undique toties ante.,cancelled,2025-10-22T09:37:50.910Z
LAB_000560,E100126,S92080,Computer Lab 1,2025-12-28T16:39:26.935Z,11:00-13:00,Incidunt eligendi claustrum harum succedo coerceo ratione.,confirmed,2025-10-11T03:24:47.377Z
LAB_000561,E100754,S92698,Chemistry Lab,2025-12-29T14:13:39.671Z,15:00-10:00,Claustrum demonstro argumentum arto textus pax arbustum.,confirmed,2025-10-25T01:01:15.381Z
LAB_000562,E100095,S93143,Computer Lab 2,2025-12-14T07:07:48.313Z,12:00-10:00,Cohibeo cubicularis suffragium vulgo.,cancelled,2025-09-23T00:29:55.103Z
LAB_000563,E100219,S36672,Research Lab,2025-10-26T17:40:43.224Z,14:00-10:00,Demoror inflammatio neque voco acer sunt deporto tero subito.,confirmed,2025-09-29T06:08:51.823Z
LAB_000564,E100617,S39059,Mechanical Workshop,2025-12-10T02:42:59.446Z,9:00-17:00,Solitudo cervus benevolentia veniam patior eligendi subito tergo carmen campana.,cancelled,2025-09-26T14:22:34.838Z
LAB_000565,E100708,S46506,Mechanical Workshop,2025-12-23T20:51:04.958Z,16:00-18:00,Valde vergo solitudo eligendi cognomen conspergo congregatio demoror curvo subito.,cancelled,2025-09-21T14:55:21.215Z
LAB_000566,E100667,S67565,Chemistry Lab,2025-12-29T07:04:40.740Z,10:00-11:00,Ea cauda deleo vulgivagus complectus conqueror.,pending,2025-10-16T17:09:02.129Z
LAB_000567,E100721,S70035,Physics Lab,2025-11-12T07:02:09.838Z,10:00-17:00,Patruus verbera denuncio arbustum.,cancelled,2025-10-11T21:35:20.936Z
LAB_000568,E100343,S74415,Biology Lab,2025-12-24T20:22:20.893Z,11:00-16:00,Paulatim suspendo ea crux aufero animi adstringo decretum auditor aggredior.,pending,2025-09-19T13:14:41.244Z
LAB_000569,E100506,S68135,Biology Lab,2025-12-24T21:59:20.788Z,9:00-12:00,Clementia fugiat temperantia.,confirmed,2025-10-16T19:24:17.446Z
LAB_000570,E100538,S10172,Mechanical Workshop,2025-11-23T23:15:22.875Z,12:00-18:00,Cubo bellicus amor reiciendis triduana varius tredecim debeo coniuratio.,confirmed,2025-10-17T04:25:48.088Z
LAB_000571,E100152,S47602,Computer Lab 1,2025-12-10T22:43:13.594Z,13:00-12:00,Tardus alter amplus tracto saepe tristis.,pending,2025-10-11T11:27:58.461Z
LAB_000572,E100573,S81141,Research Lab,2025-11-25T02:11:16.674Z,11:00-16:00,Thesis supra validus nihil tergeo cursus suasoria.,pending,2025-10-09T07:04:06.656Z
LAB_000573,E100558,S74029,Research Lab,2025-10-27T22:05:36.683Z,13:00-14:00,Tardus solum depopulo animi iusto utilis bene.,cancelled,2025-10-01T04:51:23.790Z
LAB_000574,E100393,S28308,Electronics Lab,2025-11-25T08:03:05.216Z,12:00-15:00,Tondeo tero aeger sollicito ars desipio beatus velut usque.,confirmed,2025-09-22T11:33:24.798Z
LAB_000575,E100308,S47768,Computer Lab 2,2025-11-07T04:27:59.278Z,10:00-15:00,Careo peior tertius ars vulgus totam placeat correptius amor.,cancelled,2025-10-16T13:46:21.565Z
LAB_000576,E100009,S72484,Computer Lab 2,2025-12-06T13:25:38.290Z,16:00-15:00,Degenero verto adsum taceo tui aliquam.,pending,2025-10-08T12:43:53.020Z
LAB_000577,E100288,S32780,Computer Lab 1,2026-01-02T13:17:28.179Z,9:00-12:00,Audio facere amet terror validus tabula sunt.,confirmed,2025-09-27T15:40:34.161Z
LAB_000578,E100300,S51566,Computer Lab 1,2025-11-13T14:18:07.512Z,11:00-16:00,Super stillicidium bardus averto animadverto tego.,cancelled,2025-10-11T06:31:06.947Z
LAB_000579,E100526,S89267,Mechanical Workshop,2026-01-04T16:18:01.526Z,10:00-15:00,Virga avarus repellat vitae minus patruus.,pending,2025-10-07T17:01:57.982Z
LAB_000580,E100100,S43792,Biology Lab,2025-11-25T12:31:08.194Z,17:00-14:00,Vulgo usitas claudeo amaritudo acervus crux.,cancelled,2025-10-04T21:31:11.545Z
LAB_000581,E100244,S93591,Computer Lab 2,2025-11-23T14:58:46.791Z,9:00-12:00,Occaecati cibo odit volutabrum coniecto.,pending,2025-10-07T15:28:22.384Z
LAB_000582,E100528,S42724,Electronics Lab,2025-12-13T11:40:53.088Z,9:00-16:00,Deripio adfero spectaculum vindico tactus vicissitudo.,confirmed,2025-09-25T20:42:27.134Z
LAB_000583,E100485,S99150,Electronics Lab,2025-12-01T04:04:34.797Z,10:00-12:00,Totam tollo corrigo suscipit curto talio unus vitiosus.,confirmed,2025-10-05T13:58:44.097Z
LAB_000584,E100554,S71822,Chemistry Lab,2025-12-05T06:07:32.133Z,16:00-18:00,Cariosus acidus coaegresco numquam dapifer vitae vivo circumvenio quae.,cancelled,2025-10-09T15:50:07.936Z
LAB_000585,E100278,S74406,Computer Lab 2,2025-11-16T10:11:42.663Z,12:00-14:00,Aetas vir campana.,confirmed,2025-10-06T19:53:06.041Z
LAB_000586,E100562,S73054,Research Lab,2025-11-28T04:38:00.983Z,9:00-11:00,Synagoga verumtamen autem quo dedico admoveo umbra pecus astrum sumptus.,cancelled,2025-10-18T06:24:19.375Z
LAB_000587,E100023,S95196,Electronics Lab,2025-11-30T00:26:15.452Z,15:00-17:00,Totam temeritas inflammatio speculum occaecati denuncio.,pending,2025-09-19T20:34:33.690Z
LAB_000588,E100280,S24111,Computer Lab 2,2025-12-04T08:57:39.081Z,9:00-11:00,Supplanto abstergo aduro.,pending,2025-09-25T17:10:37.659Z
LAB_000589,E100581,S72962,Research Lab,2025-12-05T04:41:39.223Z,15:00-15:00,Suscipit celebrer celo amiculum tenuis debeo.,confirmed,2025-10-15T18:21:24.377Z
LAB_000590,E100258,S37468,Computer Lab 2,2025-11-03T02:14:56.891Z,9:00-18:00,Subito accendo nobis denuncio adipiscor arcesso vapulus verbum.,confirmed,2025-09-26T13:01:13.572Z
LAB_000591,E100128,S56965,Physics Lab,2025-11-30T05:43:12.383Z,16:00-14:00,Odit tertius super comprehendo sumo.,confirmed,2025-09-27T07:49:14.784Z
LAB_000592,E100784,S88604,Mechanical Workshop,2025-11-23T18:42:07.033Z,10:00-18:00,Summa tantillus abeo cattus coerceo delibero sum.,pending,2025-10-13T18:26:42.129Z
LAB_000593,E100546,S61067,Mechanical Workshop,2025-11-05T10:04:58.484Z,9:00-18:00,Vulgus stella vulgo triduana certe.,cancelled,2025-10-20T22:28:05.363Z
LAB_000594,E100523,S91346,Electronics Lab,2025-12-05T03:57:37.825Z,10:00-12:00,Aqua adsum laborum venustas.,cancelled,2025-09-23T23:27:55.399Z
LAB_000595,E100653,S39476,Computer Lab 2,2025-12-07T18:35:06.238Z,9:00-16:00,Asper testimonium crudelis acervus adversus deinde admoveo vitiosus.,pending,2025-10-22T11:27:30.618Z
LAB_000596,E100073,S84377,Physics Lab,2025-11-29T17:58:24.545Z,14:00-11:00,Incidunt canonicus cubitum deleo subseco.,cancelled,2025-10-24T20:48:43.575Z
LAB_000597,E100163,S10612,Chemistry Lab,2025-11-23T23:05:10.339Z,15:00-10:00,Super suscipit ter.,confirmed,2025-10-22T09:55:24.081Z
LAB_000598,E100566,S45930,Electronics Lab,2025-11-11T18:26:37.825Z,14:00-10:00,Vitiosus adopto brevis cursus copia theca vitiosus adversus.,cancelled,2025-10-14T00:15:28.557Z
LAB_000599,E100427,S84031,Electronics Lab,2025-12-20T18:38:58.252Z,17:00-13:00,Tot universe incidunt.,pending,2025-10-14T14:40:37.130Z
LAB_000600,E100614,S69843,Computer Lab 2,2025-11-09T13:11:07.268Z,9:00-13:00,Vitium itaque aut territo.,pending,2025-10-06T04:24:34.042Z